) for {0},) pour {0},
A {0} exists between {1} and {2} (,Un {0} existe entre {1} et {2} (,
Absent,Absent,
Accrual Journal Entry for salaries from {0} to {1},Écriture de provision pour les salaires du {0} au {1},
Add to Details,Ajouter aux détails,
Added to details,Ajouté aux détails,
All Jobs,Tous les emplois,
Allocated Leaves,Congés alloués,
Annual Salary,Salaire annuel,
Application period cannot be across two allocation records,La période de la demande ne peut pas s'étendre sur deux enregistrements d'allocation,
Application period cannot be outside leave allocation period,La période de la demande ne peut pas être en dehors de la période d'allocation de congé,
Apply Now,Postuler,
Apprentice,Apprenti,
Approval Status,Statut d'approbation,
Approval Status must be 'Approved' or 'Rejected',Le statut d'approbation doit être 'Approuvé' ou 'Rejeté',
As per your assigned Salary Structure you cannot apply for benefits,La structure salariale qui vous a été assignée ne vous permet pas de demander des avantages sociaux,
Assign,Assigner,
Assign Salary Structure,Affecter la structure salariale,
Assign to Employees,Assigner aux employés,
Assigning Structures...,Assignation des structures en cours...,
Attendance,Présence,
Attendance From Date and Attendance To Date is mandatory,La date de début et la date de fin de présence sont obligatoires,
Attendance for employee {0} is already marked for this day,La présence de l'employé {0} est déjà marquée pour ce jour,
Attendance not submitted for {0} as it is a Holiday.,Présence non soumise pour {0} car c'est un jour férié.,
Bank Entries,Écritures bancaires,
Base,Base,
Beginner,Débutant,
Birthday Reminder,Rappel d'anniversaire,
Bonus Payment Date cannot be a past date,La date de paiement de la prime ne peut pas être une date passée,
Calls,Appels,
Cannot find active Leave Period,Impossible de trouver une période de congés active,
Casual Leave,Congé occasionnel,
Claimed Amount,Montant réclamé,
Compensatory Off,Repos compensateur,
Contact Number,Numéro de contact,
Course,Cours,
Create Disbursement Entry,Créer une écriture de décaissement,
Create Salary Slip,Créer un bulletin de paie,
Create Salary Slips,Créer les bulletins de paie,
Creating Payment Entries......,Création des écritures de paiement...,
Creating Salary Slips...,Création des bulletins de paie en cours...,
Current,Actuel,
Current Job Openings,Offres d'emploi actuelles,
Daily Work Summary,Récapitulatif du travail quotidien,
Daily Work Summary Group,Groupe de récapitulatif du travail quotidien,
Date is repeated,La date est répétée,
Debit A/C Number,Numéro de compte de débit,
Deduction,Déduction,
Document Status,Statut du document,
Earning,Gain,
Employee A/C Number,Numéro de compte de l'employé,
Employee Benefits,Avantages sociaux,
Employee Grade,Grade de l'employé,
Employee Referral,Cooptation,
Employee relieved on {0} must be set as 'Left',L'employé ayant quitté le {0} doit avoir le statut 'Parti',
Employee {0} already submited an apllication {1} for the payroll period {2},L'employé {0} a déjà soumis une demande {1} pour la période de paie {2},
Employee {0} has no maximum benefit amount,L'employé {0} n'a pas de montant maximal d'avantages sociaux,
Employee {0} is not active or does not exist,L'employé {0} n'est pas actif ou n'existe pas,
Employee {0} is on Leave on {1},L'employé {0} est en congé le {1},
Employee {0} on Half day on {1},L'employé {0} est en demi-journée le {1},
End time cannot be before start time,L'heure de fin ne peut pas être antérieure à l'heure de début,
Evaluation,Évaluation,
Event Location,Lieu de l'événement,
Event Name,Nom de l'événement,
Expense Claim for Vehicle Log {0},Note de frais pour le journal de bord du véhicule {0},
Expense Claim {0} already exists for the Vehicle Log,La note de frais {0} existe déjà pour le journal de bord du véhicule,
Fill the form and save it,Remplissez et enregistrez le formulaire,
Filter Employees By (Optional),Filtrer les employés par (Optionnel),
Fiscal Year {0} not found,Exercice {0} introuvable,
Food,Nourriture,
For Employee,Pour l'employé,
From Date {0} cannot be after employee's relieving Date {1},La date de début {0} ne peut pas être postérieure à la date de départ de l'employé {1},
From Date {0} cannot be before employee's joining Date {1},La date de début {0} ne peut pas être antérieure à la date d'embauche de l'employé {1},
From date can not be less than employee's joining date,La date de début ne peut pas être antérieure à la date d'embauche de l'employé,
Fuel Price,Prix du carburant,
Fuel Qty,Qté de carburant,
Full-time,Plein temps,
Future dates not allowed,Les dates futures ne sont pas autorisées,
Get Details From Declaration,Obtenir les détails de la déclaration,
Get Employees,Rechercher les employés,
Gross Pay,Salaire brut,
Guest,Invité,
Half Day,Demi-journée,
Half Day Date is mandatory,La date de la demi-journée est obligatoire,
Half Day Date should be between From Date and To Date,La date de la demi-journée doit être comprise entre la date de début et la date de fin,
Half Day Date should be in between Work From Date and Work End Date,La date de la demi-journée doit être comprise entre la date de début du travail et la date de fin du travail,
Half day date should be in between from date and to date,La date de la demi-journée doit être comprise entre la date de début et la date de fin,
Hello,Bonjour,
House rent paid days overlapping with {0},Jours de loyer payés en chevauchement avec {0},
House rented dates required for exemption calculation,Dates de location requises pour le calcul de l'exonération,
House rented dates should be atleast 15 days apart,Les dates de location doivent être espacées d'au moins 15 jours,
Interest Amount,Montant des intérêts,
Intern,Stagiaire,
Job Description,Description de poste,
Job Offer,Offre d'emploi,
Jobs,Emplois,
Leave Approval Notification,Notification d'approbation de congé,
Leave Blocked,Congé bloqué,
Leave Encashment,Rachat de congés,
Leave Status Notification,Notification de statut de congé,
Leave Type,Type de congé,
Leave Type is madatory,Le type de congé est obligatoire,
Leave Type {0} cannot be allocated since it is leave without pay,Le type de congé {0} ne peut pas être alloué car il s'agit d'un congé sans solde,
Leave Type {0} cannot be carry-forwarded,Le type de congé {0} ne peut pas être reporté,
Leave Type {0} is not encashable,Le type de congé {0} n'est pas monnayable,
Leave Without Pay,Congé sans solde,
"Leave cannot be allocated before {0}, as leave balance has already been carry-forwarded in the future leave allocation record {1}","Le congé ne peut pas être alloué avant le {0}, car le solde de congés a déjà été reporté dans l'enregistrement d'allocation de congés futurs {1}",
"Leave cannot be applied/cancelled before {0}, as leave balance has already been carry-forwarded in the future leave allocation record {1}","Le congé ne peut pas être demandé/annulé avant le {0}, car le solde de congés a déjà été reporté dans l'enregistrement d'allocation de congés futurs {1}",
Leave of type {0} cannot be longer than {1},Un congé de type {0} ne peut pas durer plus de {1} jours,
Leaves,Congés,
Leaves Allocated Successfully for {0},Congés alloués avec succès pour {0},
Leaves per Year,Congés par an,
Lifecycle,Cycle de vie,
Mark Attendance,Marquer la présence,
Max Exemption Amount cannot be greater than maximum exemption amount {0} of Tax Exemption Category {1},Le montant maximal d'exonération ne peut pas être supérieur au montant maximal d'exonération {0} de la catégorie d'exonération fiscale {1},
Max benefits should be greater than zero to dispense benefits,Les avantages sociaux maximaux doivent être supérieurs à zéro pour être distribués,
Maximum amount eligible for the component {0} exceeds {1},Le montant maximum éligible pour le composant {0} dépasse {1},
Maximum benefit amount of component {0} exceeds {1},Le montant maximal de l'avantage du composant {0} dépasse {1},
Maximum benefit amount of employee {0} exceeds {1},Le montant maximal de l'avantage de l'employé {0} dépasse {1},
Maximum leave allowed in the leave type {0} is {1},La durée maximale de congé autorisée pour le type de congé {0} est de {1} jours,
Medical,Médical,
Mode of payment is required to make a payment,Un mode de paiement est requis pour effectuer un paiement,
More than one selection for {0} not allowed,Plus d'une sélection pour {0} n'est pas autorisée,
Net Pay,Salaire net,
Net Pay cannot be less than 0,Le salaire net ne peut pas être inférieur à 0,
Net Salary Amount,Montant du salaire net,
Net pay cannot be negative,Le salaire net ne peut pas être négatif,
No Employee Found,Aucun employé trouvé,
No Salary Structure assigned for Employee {0} on given date {1},Aucune structure salariale assignée à l'employé {0} à la date {1},
No Staffing Plans found for this Designation,Aucun plan de recrutement trouvé pour cette désignation,
No active or default Salary Structure found for employee {0} for the given dates,Aucune structure salariale active ou par défaut trouvée pour l'employé {0} pour les dates données,
No more updates,Aucune autre mise à jour,
No replies from,Pas de réponse de,
No salary slip found to submit for the above selected criteria OR salary slip already submitted,Aucun bulletin de paie trouvé à soumettre pour les critères sélectionnés OU bulletin de paie déjà soumis,
Nothing to change,Rien à modifier,
Notice Period,Période de préavis,
Only Leave Applications with status 'Approved' and 'Rejected' can be submitted,Seules les demandes de congé avec le statut 'Approuvée' ou 'Rejetée' peuvent être soumises,
Optional Holiday List not set for leave period {0},La liste de jours fériés optionnels n'est pas définie pour la période de congé {0},
Part-time,Temps partiel,
Password policy for Salary Slips is not set,La politique de mot de passe pour les bulletins de paie n'est pas définie,
Payment Days,Jours de paiement,
Payment of {0} from {1} to {2},Paiement de {0} du {1} au {2},
Payroll,Paie,
Payroll Number,Numéro de paie,
Piecework,Travail à la pièce,
Please add the remaining benefits {0} to any of the existing component,Veuillez ajouter les avantages restants {0} à l'un des composants existants,
Please confirm once you have completed your training,Veuillez confirmer une fois votre formation terminée,
Please enable default incoming account before creating Daily Work Summary Group,Veuillez activer le compte de réception par défaut avant de créer un groupe de récapitulatif du travail quotidien,
Please select Company and Designation,Veuillez sélectionner la société et la désignation,
Please select Employee,Veuillez sélectionner un employé,
Please select a csv file,Veuillez sélectionner un fichier CSV,
Please set default template for Leave Approval Notification in HR Settings.,Veuillez définir le modèle par défaut pour la notification d'approbation de congé dans les paramètres RH.,
Please set default template for Leave Status Notification in HR Settings.,Veuillez définir le modèle par défaut pour la notification de statut de congé dans les paramètres RH.,
Please set the Company,Veuillez définir la société,
Please set the Date Of Joining for employee {0},Veuillez définir la date d'embauche de l'employé {0},
Please share your feedback to the training by clicking on 'Training Feedback' and then 'New',Veuillez partager vos commentaires sur la formation en cliquant sur 'Feedback de formation' puis 'Nouveau',
Please update your status for this training event,Veuillez mettre à jour votre statut pour cet événement de formation,
Present,Présent,
Preview Salary Slip,Aperçu du bulletin de paie,
Privilege Leave,Congé payé,
Probation,Période d'essai,
Probationary Period,Période probatoire,
Property,Propriété,
Property already added,Propriété déjà ajoutée,
Replies,Réponses,
Responsibilities,Responsabilités,
Role,Rôle,
Row {0}# Allocated amount {1} cannot be greater than unclaimed amount {2},Ligne {0}# Le montant alloué {1} ne peut pas être supérieur au montant non réclamé {2},
Row {0}# Paid Amount cannot be greater than requested advance amount,Ligne {0}# Le montant payé ne peut pas être supérieur au montant de l'avance demandée,
Salary Slip ID,ID du bulletin de paie,
Salary Slip of employee {0} already created for this period,Le bulletin de paie de l'employé {0} a déjà été créé pour cette période,
Salary Slip of employee {0} already created for time sheet {1},Le bulletin de paie de l'employé {0} a déjà été créé pour la feuille de temps {1},
Salary Structure Assignment for Employee already exists,L'affectation de structure salariale pour l'employé existe déjà,
Salary Structure Missing,Structure salariale manquante,
Salary Structure not found for employee {0} and date {1},Structure salariale introuvable pour l'employé {0} et la date {1},
Salary Structure should have flexible benefit component(s) to dispense benefit amount,La structure salariale doit avoir un ou plusieurs composants d'avantages flexibles pour distribuer le montant de l'avantage,
"Salary already processed for period between {0} and {1}, Leave application period cannot be between this date range.","Le salaire a déjà été traité pour la période du {0} au {1}. La période de demande de congé ne peut pas se situer dans cet intervalle de dates.",
Sanctioned Amount cannot be greater than Claim Amount in Row {0}.,Le montant approuvé ne peut pas être supérieur au montant réclamé à la ligne {0}.,
Score must be less than or equal to 5,Le score doit être inférieur ou égal à 5,
Select Property,Sélectionner la propriété,
Select an employee to get the employee advance.,Sélectionnez un employé pour recevoir l'avance.,
Service Expense,Frais de service,
Show Employee,Afficher l'employé,
Show Salary Slip,Afficher le bulletin de paie,
Sick Leave,Congé maladie,
"Skipping Salary Structure Assignment for the following employees, as Salary Structure Assignment records already exists against them. {0}","Ignorer l'affectation de la structure salariale pour les employés suivants, car des enregistrements d'affectation de structure salariale existent déjà pour eux. {0}",
Staffing Plan {0} already exist for designation {1},Le plan de recrutement {0} existe déjà pour la désignation {1},
"Start and end dates not in a valid Payroll Period, cannot calculate {0}","Les dates de début et de fin ne sont pas dans une période de paie valide, impossible de calculer {0}",
"Start and end dates not in a valid Payroll Period, cannot calculate {0}.","Les dates de début et de fin ne sont pas dans une période de paie valide, impossible de calculer {0}.",
Stock Options,Options d'achat d'actions,
Structures have been assigned successfully,Les structures ont été assignées avec succès,
Submit Proof,Soumettre une preuve,
Submit Salary Slip,Soumettre le bulletin de paie,
Submit this to create the Employee record,Soumettez pour créer la fiche de l'employé,
Submitting Salary Slips...,Soumission des bulletins de paie...,
Team Updates,Mises à jour de l'équipe,
Thank you,Merci,
The day(s) on which you are applying for leave are holidays. You need not apply for leave.,Le(s) jour(s) pour le(s)quel(s) vous demandez un congé sont des jours fériés. Vous n'avez pas besoin de demander de congé.,
There are more holidays than working days this month.,Il y a plus de jours fériés que de jours ouvrables ce mois-ci.,
There is no leave period in between {0} and {1},Il n'y a pas de période de congé entre le {0} et le {1},
This is based on the attendance of this Employee,Ceci est basé sur la présence de cet employé,
This will submit Salary Slips and create accrual Journal Entry. Do you want to proceed?,Ceci soumettra les bulletins de paie et créera une écriture de journal de régularisation. Voulez-vous continuer ?,
To date can not be equal or less than from date,La date de fin ne peut pas être égale ou antérieure à la date de début,
To date can not be less than from date,La date de fin ne peut pas être antérieure à la date de début,
To date can not greater than employee's relieving date,La date de fin ne peut pas être postérieure à la date de départ de l'employé,
Total Absent,Total des absences,
Total Deduction,Déduction totale,
Total Leaves,Total des congés,
Total Present,Total des présences,
Total advance amount cannot be greater than total sanctioned amount,Le montant total de l'avance ne peut pas être supérieur au montant total approuvé,
Total flexible benefit component amount {0} should not be less than max benefits {1},Le montant total du composant d'avantage flexible {0} ne doit pas être inférieur aux avantages maximaux {1},
Total leaves allocated is mandatory for Leave Type {0},Le total des congés alloués est obligatoire pour le type de congé {0},
Total working hours should not be greater than max working hours {0},Le nombre total d'heures de travail ne doit pas dépasser le nombre maximal d'heures de travail {0},
Training,Formation,
Training Event,Événement de formation,
Training Events,Événements de formation,
Training Feedback,Feedback de formation,
Training Result,Résultat de la formation,
Travel,Voyage,
Update Response,Mettre à jour la réponse,
Value missing,Valeur manquante,
Variable,Variable,
Walk In,Candidature spontanée,
Warning: Leave application contains following block dates,Attention : La demande de congé contient les dates de blocage suivantes,
Website Listing,Annonce sur le site web,
Work Summary for {0},Résumé du travail pour {0},
You are not authorized to approve leaves on Block Dates,Vous n'êtes pas autorisé à approuver des congés sur des dates bloquées,
You are not present all day(s) between compensatory leave request days,Vous n'êtes pas présent toute la journée entre les jours de demande de congé compensatoire,
You can only submit Leave Encashment for a valid encashment amount,Vous ne pouvez soumettre un rachat de congés que pour un montant de rachat valide,
{0} already allocated for Employee {1} for period {2} to {3},{0} déjà alloué pour l'employé {1} pour la période du {2} au {3},
{0} applicable after {1} working days,{0} applicable après {1} jours ouvrables,
{0} is not in Optional Holiday List,{0} n'est pas dans la liste des jours fériés optionnels,
{0} is not in a valid Payroll Period,{0} n'est pas dans une période de paie valide,
{0} must be submitted,{0} doit être soumis,
"{0}: Employee email not found, hence email not sent","{0} : E-mail de l'employé non trouvé, l'e-mail n'a donc pas été envoyé",
{0}: From {0} of type {1},{0} : De {0} de type {1},
Conditions,Conditions,
Percent,Pourcentage,
Error in some rows,Erreur dans certaines lignes,
Benefit,Avantage,
Shift,Quart,
Importing {0} of {1},Importation de {0} sur {1},
'employee_field_value' and 'timestamp' are required.,'employee_field_value' et 'timestamp' sont requis.,
Allocation Expired!,Allocation expirée !,
Attendance Marked,Présence marquée,
Attendance has been marked as per employee check-ins,La présence a été marquée selon les pointages des employés,
Date Range,Plage de dates,
Event Link,Lien de l'événement,
Expire Allocation,Faire expirer l'allocation,
Fuel Expense,Frais de carburant,
Intermediate,Intermédiaire,
Leave application is linked with leave allocations {0}. Leave application cannot be set as leave without pay,La demande de congé est liée aux allocations de congé {0}. La demande de congé ne peut pas être définie comme congé sans solde,
Log Type is required for check-ins falling in the shift: {0}.,Le type de journal est requis pour les pointages effectués pendant le quart de travail : {0}.,
No Employee found for the given employee field value. '{}': {},Aucun employé trouvé pour la valeur du champ employé donnée. '{}': {},
No Leaves Allocated to Employee: {0} for Leave Type: {1},Aucun congé alloué à l'employé : {0} pour le type de congé : {1},
Only expired allocation can be cancelled,Seule l'allocation expirée peut être annulée,
Only users with the {0} role can create backdated leave applications,Seuls les utilisateurs avec le rôle {0} peuvent créer des demandes de congé antidatées,
Password policy cannot contain spaces or simultaneous hyphens. The format will be restructured automatically,La politique de mot de passe ne peut pas contenir d'espaces ni de traits d'union simultanés. Le format sera restructuré automatiquement,
Please enter the designation,Veuillez saisir la désignation,
There are no vacancies under staffing plan {0},Il n'y a pas de postes vacants dans le plan de recrutement {0},
This employee already has a log with the same timestamp.{0},Cet employé a déjà un enregistrement avec le même horodatage.{0},
Timing,Horaire,
To date needs to be before from date,La date de fin doit être antérieure à la date de début,
Total Early Exits,Total des sorties anticipées,
Total Late Entries,Total des entrées tardives,
Training Event:,Événement de formation :,
Unable to find Salary Component {0},Impossible de trouver le composant de salaire {0},
Unmarked Attendance for days,Présences non marquées sur plusieurs jours,
Vacancies cannot be lower than the current openings,Le nombre de postes vacants ne peut pas être inférieur au nombre d'ouvertures actuelles,
{} is an invalid Attendance Status.,{} est un statut de présence invalide.,
Printed On,Imprimé le,
No employee found,Aucun employé trouvé,
Please setup Employee Naming System in Human Resource > HR Settings,Veuillez configurer le système de nommage des employés dans Ressources Humaines > Paramètres RH,
Please setup numbering series for Attendance via Setup > Numbering Series,Veuillez configurer la série de numérotation pour les présences via Configuration > Série de numérotation,
Current Odometer Value should be greater than Last Odometer Value {0},La valeur actuelle de l'odomètre doit être supérieure à la dernière valeur de l'odomètre {0},
No additional expenses has been added,Aucune dépense supplémentaire n'a été ajoutée,
{0} already exists for employee {1} and period {2},{0} existe déjà pour l'employé {1} et la période {2},
Leaves Allocated,Congés alloués,
Leave Without Pay does not match with approved {} records,Le congé sans solde ne correspond pas aux enregistrements {} approuvés,
Income Tax Slab not set in Salary Structure Assignment: {0},Tranche d'imposition sur le revenu non définie dans l'affectation de la structure salariale : {0},
Income Tax Slab: {0} is disabled,Tranche d'imposition sur le revenu : {0} est désactivée,
Income Tax Slab must be effective on or before Payroll Period Start Date: {0},La tranche d'imposition sur le revenu doit prendre effet au plus tard à la date de début de la période de paie : {0},
No leave record found for employee {0} on {1},Aucun enregistrement de congé trouvé pour l'employé {0} le {1},
Row {0}: {1} is required in the expenses table to book an expense claim.,Ligne {0} : {1} est requis dans le tableau des dépenses pour enregistrer une note de frais.,
Set the default account for the {0} {1},Définir le compte par défaut pour le {0} {1},
(Half Day),(Demi-journée),
Income Tax Slab,Tranche d'imposition sur le revenu,
Row #{0}: Cannot set amount or formula for Salary Component {1} with Variable Based On Taxable Salary,Ligne n°{0} : Impossible de définir le montant ou la formule pour le composant de salaire {1} avec une variable basée sur le salaire imposable,
Repay From Salary can be selected only for term loans,Le remboursement à partir du salaire ne peut être sélectionné que pour les prêts à terme,
Salary Component Account,Compte de composant de salaire,
Default Bank / Cash account will be automatically updated in Salary Journal Entry when this mode is selected.,Le compte bancaire / de caisse par défaut sera automatiquement mis à jour dans l'écriture de journal de salaire lorsque ce mode est sélectionné.,
Result,Résultat,
Total Score,Score total,
Joining Date,Date d'embauche,
Publish on website,Publier sur le site web,
Application Status,Statut de la candidature,
IN,Entrée,
Remind Before,Rappeler avant,
Reminded,Rappelé,
Additional Salary,Salaire supplémentaire,
HR-ADS-.YY.-.MM.-,HR-ADS-.AA.-.MM.-,
Salary Component,Composant de salaire,
Overwrite Salary Structure Amount,Remplacer le montant de la structure de salaire,
Deduct Full Tax on Selected Payroll Date,Déduire l'impôt complet à la date de paie sélectionnée,
Payroll Date,Date de paie,
Salary Component Type,Type de composant de salaire,
Appointment Letter,Lettre de nomination,
Appointment Date,Date de nomination,
Appointment Letter Template,Modèle de lettre de nomination,
Closing Notes,Notes de clôture,
Appointment Letter content,Contenu de la lettre de nomination,
Appraisal,Évaluation,
HR-APR-.YY.-.MM.,HR-APR-.AA.-.MM.,
For Employee Name,Pour le nom de l'employé,
Goals,Objectifs,
Total Score (Out of 5),Score total (sur 5),
"Any other remarks, noteworthy effort that should go in the records.","Toute autre remarque, effort notable qui devrait être consigné dans les dossiers.",
Appraisal Goal,Objectif d'évaluation,
Key Responsibility Area,Domaine de responsabilité clé,
Weightage (%),Pondération (%),
Score (0-5),Score (0-5),
Score Earned,Score obtenu,
Appraisal Template Title,Titre du modèle d'évaluation,
Appraisal Template Goal,Objectif du modèle d'évaluation,
KRA,KRA,
Key Performance Area,Domaine de performance clé,
HR-ATT-.YYYY.-,HR-ATT-.AAAA.-,
On Leave,En congé,
Work From Home,Télétravail,
Leave Application,Demande de congé,
Attendance Date,Date de présence,
Attendance Request,Demande de présence,
Late Entry,Entrée tardive,
Early Exit,Sortie anticipée,
Half Day Date,Date de la demi-journée,
On Duty,En service,
Explanation,Explication,
Compensatory Leave Request,Demande de congé compensatoire,
Leave Allocation,Allocation de congés,
Worked On Holiday,Travaillé un jour férié,
Work From Date,Date de début de travail,
Work End Date,Date de fin de travail,
Email Sent To,E-mail envoyé à,
Select Users,Sélectionner des utilisateurs,
Send Emails At,Envoyer les e-mails à,
Reminder,Rappel,
Daily Work Summary Group User,Utilisateur du groupe de récapitulatif de travail quotidien,
email,e-mail,
Department Approver,Approbateur du département,
Approver,Approbateur,
Designation Skill,Compétence pour le poste,
Skill,Compétence,
Leave Policy,Politique de congés,
Salary Details,Détails du salaire,
HR-EAD-.YYYY.-,HR-EAD-.AAAA.-,
Claimed,Réclamé,
Employee Attendance Tool,Outil de gestion de la présence des employés,
Unmarked Attendance,Présence non marquée,
Employees HTML,Employés (HTML),
Marked Attendance,Présence marquée,
Marked Attendance HTML,Présence marquée (HTML),
Employee Benefit Application,Demande d'avantages sociaux,
Max Benefits (Yearly),Avantages max (annuel),
Remaining Benefits (Yearly),Avantages restants (annuel),
Payroll Period,Période de paie,
Dispensed Amount (Pro-rated),Montant versé (au prorata),
Employee Benefit Application Detail,Détail de la demande d'avantages sociaux,
Earning Component,Composant de revenu,
Pay Against Benefit Claim,Payer sur demande d'avantage,
Max Benefit Amount,Montant maximal de l'avantage,
Employee Benefit Claim,Demande d'avantage social,
Claim Date,Date de la demande,
Claim Benefit For,Demander un avantage pour,
Max Amount Eligible,Montant maximum éligible,
Expense Proof,Justificatif de dépense,
Employee Boarding Activity,Activité d'intégration de l'employé,
Activity Name,Nom de l'activité,
Required for Employee Creation,Requis pour la création de l'employé,
Applicable in the case of Employee Onboarding,Applicable en cas d'intégration de l'employé,
Employee Checkin,Pointage de l'employé,
Log Type,Type de pointage,
OUT,SORTIE,
Location / Device ID,Emplacement / ID de l'appareil,
Skip Auto Attendance,Ignorer la présence automatique,
Shift Start,Début de quart,
Shift End,Fin de quart,
Shift Actual Start,Début réel du quart,
Shift Actual End,Fin réelle du quart,
Default Salary Structure,Structure de salaire par défaut,
Employee Health Insurance,Assurance maladie de l'employé,
Health Insurance Name,Nom de l'assurance maladie,
Employee Incentive,Prime pour l'employé,
Incentive Amount,Montant de la prime,
Employee Onboarding,Intégration de l'employé,
Notify users by email,Notifier les utilisateurs par e-mail,
Employee Onboarding Template,Modèle d'intégration de l'employé,
Employee Other Income,Autre revenu de l'employé,
Employee Promotion,Promotion de l'employé,
Promotion Date,Date de promotion,
Employee Promotion Details,Détails de la promotion de l'employé,
Employee Property History,Historique des biens de l'employé,
Employee Separation,Départ de l'employé,
Employee Separation Template,Modèle de départ de l'employé,
Exit Interview Summary,Résumé de l'entretien de départ,
Employee Skill,Compétence de l'employé,
Proficiency,Niveau de compétence,
Evaluation Date,Date d'évaluation,
Employee Skill Map,Cartographie des compétences de l'employé,
Employee Skills,Compétences de l'employé,
Trainings,Formations,
Employee Tax Exemption Category,Catégorie d'exonération fiscale de l'employé,
Max Exemption Amount,Montant maximal d'exonération,
Employee Tax Exemption Declaration,Déclaration d'exonération fiscale de l'employé,
Declarations,Déclarations,
Total Declared Amount,Montant total déclaré,
Total Exemption Amount,Montant total de l'exonération,
Employee Tax Exemption Declaration Category,Catégorie de déclaration d'exonération fiscale de l'employé,
Exemption Sub Category,Sous-catégorie d'exonération,
Exemption Category,Catégorie d'exonération,
Maximum Exempted Amount,Montant maximal exonéré,
Declared Amount,Montant déclaré,
Employee Tax Exemption Proof Submission,Soumission de justificatif d'exonération fiscale de l'employé,
Submission Date,Date de soumission,
Tax Exemption Proofs,Justificatifs d'exonération fiscale,
Total Actual Amount,Montant réel total,
Employee Tax Exemption Proof Submission Detail,Détail de la soumission de justificatif d'exonération fiscale de l'employé,
Maximum Exemption Amount,Montant maximal d'exonération,
Type of Proof,Type de justificatif,
Actual Amount,Montant réel,
Employee Tax Exemption Sub Category,Sous-catégorie d'exonération fiscale de l'employé,
Tax Exemption Category,Catégorie d'exonération fiscale,
Employee Training,Formation de l'employé,
Training Date,Date de la formation,
Employee Transfer,Mutation de l'employé,
Transfer Date,Date de mutation,
Employee Transfer Details,Détails de la mutation de l'employé,
Employee Transfer Detail,Détail de la mutation de l'employé,
Re-allocate Leaves,Réattribuer les congés,
Create New Employee Id,Créer un nouvel ID employé,
New Employee ID,Nouvel ID employé,
HR-EXP-.YYYY.-,HR-EXP-.AAAA.-,
Expense Taxes and Charges,Taxes et frais sur dépenses,
Total Sanctioned Amount,Montant total approuvé,
Total Advance Amount,Montant total de l'avance,
Total Claimed Amount,Montant total demandé,
Total Amount Reimbursed,Montant total remboursé,
Vehicle Log,Journal de bord du véhicule,
Employees Email Id,Adresses e-mail des employés,
More Details,Plus de détails,
Expense Claim Account,Compte de note de frais,
Expense Claim Advance,Avance sur note de frais,
Expense Claim Detail,Détail de la note de frais,
Expense Date,Date de la dépense,
Expense Claim Type,Type de note de frais,
HR Settings,Paramètres RH,
Employee Settings,Paramètres des employés,
Expense Approver Mandatory In Expense Claim,Approbateur de dépenses obligatoire dans la note de frais,
Payroll Settings,Paramètres de la paie,
Leave,Congé,
Max working hours against Timesheet,Heures de travail max par feuille de temps,
Include holidays in Total no. of Working Days,Inclure les jours fériés dans le nombre total de jours ouvrables,
"If checked, Total no. of Working Days will include holidays, and this will reduce the value of Salary Per Day","Si coché, le nombre total de jours ouvrables inclura les jours fériés, ce qui réduira la valeur du salaire par jour",
"If checked, hides and disables Rounded Total field in Salary Slips","Si coché, masque et désactive le champ du total arrondi dans les bulletins de paie",
The fraction of daily wages to be paid for half-day attendance,La fraction du salaire journalier à payer pour une présence d'une demi-journée,
Email Salary Slip to Employee,Envoyer le bulletin de paie à l'employé par e-mail,
Emails salary slip to employee based on preferred email selected in Employee,Envoie le bulletin de paie à l'employé en fonction de l'e-mail préféré sélectionné dans la fiche Employé,
Encrypt Salary Slips in Emails,Chiffrer les bulletins de paie dans les e-mails,
"The salary slip emailed to the employee will be password protected, the password will be generated based on the password policy.","Le bulletin de paie envoyé par e-mail à l'employé sera protégé par un mot de passe, qui sera généré en fonction de la politique de mots de passe.",
Password Policy,Politique de mot de passe,
<b>Example:</b> SAL-{first_name}-{date_of_birth.year} <br>This will generate a password like SAL-Jane-1972,<b>Exemple :</b> SAL-{prénom}-{année_de_naissance} <br>Ceci générera un mot de passe comme SAL-Jane-1972,
Leave Approval Notification Template,Modèle de notification d'approbation de congé,
Leave Status Notification Template,Modèle de notification de statut de congé,
Role Allowed to Create Backdated Leave Application,Rôle autorisé à créer une demande de congé antidatée,
Leave Approver Mandatory In Leave Application,Approbateur de congé obligatoire dans la demande de congé,
Show Leaves Of All Department Members In Calendar,Afficher les congés de tous les membres du département dans le calendrier,
Auto Leave Encashment,Rachat de congés automatique,
Hiring Settings,Paramètres de recrutement,
Check Vacancies On Job Offer Creation,Vérifier les postes vacants à la création d'une offre d'emploi,
Identification Document Type,Type de pièce d'identité,
Effective from,Date d'effet,
Allow Tax Exemption,Autoriser l'exonération fiscale,
"If enabled, Tax Exemption Declaration will be considered for income tax calculation.","Si activé, la déclaration d'exonération fiscale sera prise en compte dans le calcul de l'impôt sur le revenu.",
Standard Tax Exemption Amount,Montant de l'exonération fiscale standard,
Taxable Salary Slabs,Tranches de salaire imposable,
Taxes and Charges on Income Tax,Taxes et frais sur l'impôt sur le revenu,
Other Taxes and Charges,Autres taxes et frais,
Income Tax Slab Other Charges,Autres frais de la tranche d'imposition sur le revenu,
Min Taxable Income,Revenu imposable minimum,
Max Taxable Income,Revenu imposable maximum,
Applicant for a Job,Candidat à un poste,
Job Opening,Offre d'emploi,
Cover Letter,Lettre de motivation,
Resume Attachment,CV en pièce jointe,
Job Applicant Source,Source du candidat,
Applicant Email Address,Adresse e-mail du candidat,
Awaiting Response,En attente de réponse,
Job Offer Terms,Conditions de l'offre d'emploi,
Select Terms and Conditions,Sélectionner les conditions générales,
Job Offer Term,Condition de l'offre d'emploi,
Offer Term,Condition de l'offre,
Value / Description,Valeur / Description,
Description of a Job Opening,Description d'une offre d'emploi,
Staffing Plan,Plan de recrutement,
Planned number of Positions,Nombre de postes prévus,
"Job profile, qualifications required etc.","Profil de poste, qualifications requises, etc.",
HR-LAL-.YYYY.-,HR-LAL-.AAAA.-,
New Leaves Allocated,Nouveaux congés alloués,
Add unused leaves from previous allocations,Ajouter les congés non pris des allocations précédentes,
Unused leaves,Congés non pris,
Total Leaves Allocated,Total des congés alloués,
Total Leaves Encashed,Total des congés rachetés,
Leave Period,Période de congé,
Carry Forwarded Leaves,Congés reportés,
Apply / Approve Leaves,Demander / Approuver les congés,
HR-LAP-.YYYY.-,HR-LAP-.AAAA.-,
Leave Balance Before Application,Solde de congés avant demande,
Total Leave Days,Nombre total de jours de congé,
Leave Approver Name,Nom de l'approbateur de congés,
Follow via Email,Suivre par e-mail,
Block Holidays on important days.,Bloquer les jours fériés importants.,
Leave Block List Name,Nom de la liste de blocage de congés,
Applies to Company,S'applique à la société,
"If not checked, the list will have to be added to each Department where it has to be applied.","Si non coché, la liste devra être ajoutée à chaque département où elle doit s'appliquer.",
Block Days,Jours de blocage,
Stop users from making Leave Applications on following days.,Empêcher les utilisateurs de faire des demandes de congé les jours suivants.,
Leave Block List Dates,Dates de la liste de blocage de congés,
Allow Users,Autoriser les utilisateurs,
Allow the following users to approve Leave Applications for block days.,Autoriser les utilisateurs suivants à approuver les demandes de congé pour les jours de blocage.,
Leave Block List Allowed,Liste de blocage de congés autorisée,
Leave Block List Allow,Autorisation de la liste de blocage de congés,
Allow User,Autoriser l'utilisateur,
Leave Block List Date,Date de la liste de blocage de congés,
Block Date,Date de blocage,
Leave Control Panel,Panneau de contrôle des congés,
Employment Type (optional),Type d'emploi (optionnel),
Branch (optional),Agence (optionnel),
Department (optional),Département (optionnel),
Designation (optional),Poste (optionnel),
Employee Grade (optional),Grade de l'employé (optionnel),
Employee (optional),Employé (optionnel),
Allocate Leaves,Allouer des congés,
Carry Forward,Report,
Please select Carry Forward if you also want to include previous fiscal year's balance leaves to this fiscal year,Veuillez sélectionner Report si vous souhaitez également inclure le solde de congés de l'exercice précédent à cet exercice,
New Leaves Allocated (In Days),Nouveaux congés alloués (en jours),
Leave Balance,Solde de congés,
Encashable days,Jours rachetables,
Encashment Amount,Montant du rachat,
Leave Ledger Entry,Écriture au journal des congés,
Transaction Name,Nom de la transaction,
Is Carry Forward,Est un report,
Is Expired,A expiré,
Is Leave Without Pay,Est un congé sans solde,
Holiday List for Optional Leave,Liste de jours fériés pour les congés optionnels,
Leave Allocations,Allocations de congés,
Leave Policy Details,Détails de la politique de congés,
Leave Policy Detail,Détail de la politique de congés,
Annual Allocation,Allocation annuelle,
Leave Type Name,Nom du type de congé,
Applicable After (Working Days),Applicable après (jours ouvrables),
Is Optional Leave,Est un congé optionnel,
Allow Negative Balance,Autoriser un solde négatif,
Include holidays within leaves as leaves,Inclure les jours fériés dans les congés,
Is Compensatory,Est compensatoire,
Maximum Carry Forwarded Leaves,Maximum de congés reportés,
Expire Carry Forwarded Leaves (Days),Expiration des congés reportés (jours),
Calculated in days,Calculé en jours,
Encashment,Rachat,
Allow Encashment,Autoriser le rachat,
Encashment Threshold Days,Jours de seuil de rachat,
Earned Leave,Congés payés,
Is Earned Leave,Est un congé payé,
Earned Leave Frequency,Fréquence d'acquisition des congés payés,
Rounding,Arrondi,
Payroll Employee Detail,Détails de la paie de l'employé,
Payroll Frequency,Fréquence de paie,
Fortnightly,Toutes les deux semaines,
Bimonthly,Bimestriel,
Employees,Employés,
Number Of Employees,Nombre d'employés,
Employee Details,Détails de l'employé,
Validate Attendance,Valider la présence,
Salary Slip Based on Timesheet,Bulletin de paie basé sur la feuille de temps,
Deduct Tax For Unclaimed Employee Benefits,Déduire l'impôt pour les avantages sociaux non réclamés,
Deduct Tax For Unsubmitted Tax Exemption Proof,Déduire l'impôt pour les justificatifs d'exonération fiscale non soumis,
Select Payment Account to make Bank Entry,Sélectionner le compte de paiement pour créer l'écriture bancaire,
Salary Slips Created,Bulletins de paie créés,
Salary Slips Submitted,Bulletins de paie soumis,
Payroll Periods,Périodes de paie,
Payroll Period Date,Date de la période de paie,
Purpose of Travel,Motif du voyage,
Retention Bonus,Prime de rétention,
Bonus Payment Date,Date de paiement de la prime,
Bonus Amount,Montant de la prime,
Depends on Payment Days,Dépend des jours de paiement,
Is Tax Applicable,Est imposable,
Variable Based On Taxable Salary,Variable basée sur le salaire imposable,
Exempted from Income Tax,Exonéré de l'impôt sur le revenu,
Round to the Nearest Integer,Arrondir à l'entier le plus proche,
Statistical Component,Composant statistique,
"If selected, the value specified or calculated in this component will not contribute to the earnings or deductions. However, it's value can be referenced by other components that can be added or deducted. ","Si cette option est sélectionnée, la valeur spécifiée ou calculée dans ce composant ne contribuera pas aux revenus ou aux déductions. Cependant, sa valeur peut être référencée par d'autres composants qui peuvent être ajoutés ou déduits.",
Do Not Include in Total,Ne pas inclure dans le total,
Flexible Benefits,Avantages flexibles,
Is Flexible Benefit,Est un avantage flexible,
Max Benefit Amount (Yearly),Montant maximal de l'avantage (annuel),
Only Tax Impact (Cannot Claim But Part of Taxable Income),Impact fiscal uniquement (non réclamable mais fait partie du revenu imposable),
Create Separate Payment Entry Against Benefit Claim,Créer une écriture de paiement distincte par demande d'avantage,
Amount based on formula,Montant basé sur une formule,
Formula,Formule,
Salary Detail,Détail du salaire,
Component,Composant,
Do not include in total,Ne pas inclure dans le total,
Default Amount,Montant par défaut,
Additional Amount,Montant supplémentaire,
Tax on flexible benefit,Impôt sur les avantages flexibles,
Tax on additional salary,Impôt sur le salaire supplémentaire,
Salary Structure,Structure de salaire,
Working Days,Jours ouvrables,
Salary Slip Timesheet,Feuille de temps du bulletin de paie,
Earnings,Revenus,
Deductions,Déductions,
Total in words,Total en lettres,
Salary Component for timesheet based payroll.,Composant de salaire pour la paie basée sur les feuilles de temps.,
Leave Encashment Amount Per Day,Montant du rachat de congés par jour,
Max Benefits (Amount),Avantages max (montant),
Salary breakup based on Earning and Deduction.,Répartition du salaire basée sur les revenus et les déductions.,
Total Earning,Total des revenus,
Salary Structure Assignment,Affectation de la structure de salaire,
Shift Assignment,Affectation de quart,
Shift Type,Type de quart,
Shift Request,Demande de quart,
Enable Auto Attendance,Activer la présence automatique,
Mark attendance based on 'Employee Checkin' for Employees assigned to this shift.,Marquer la présence en fonction du 'Pointage de l'employé' pour les employés affectés à ce quart.,
Auto Attendance Settings,Paramètres de présence automatique,
Determine Check-in and Check-out,Déterminer le pointage d'entrée et de sortie,
Alternating entries as IN and OUT during the same shift,Alterner les entrées en ENTRÉE et SORTIE pendant le même quart,
Strictly based on Log Type in Employee Checkin,Strictement basé sur le type de pointage dans le pointage de l'employé,
Working Hours Calculation Based On,Calcul des heures de travail basé sur,
First Check-in and Last Check-out,Premier pointage d'entrée et dernier pointage de sortie,
Every Valid Check-in and Check-out,Chaque pointage d'entrée et de sortie valide,
Begin check-in before shift start time (in minutes),Commencer le pointage d'entrée avant l'heure de début du quart (en minutes),
The time before the shift start time during which Employee Check-in is considered for attendance.,Le temps avant l'heure de début du quart pendant lequel le pointage de l'employé est pris en compte pour la présence.,
Allow check-out after shift end time (in minutes),Autoriser le pointage de sortie après l'heure de fin du quart (en minutes),
Time after the end of shift during which check-out is considered for attendance.,Le temps après la fin du quart pendant lequel le pointage de sortie est pris en compte pour la présence.,
Working Hours Threshold for Half Day,Seuil d'heures de travail pour une demi-journée,
Working hours below which Half Day is marked. (Zero to disable),Heures de travail en dessous desquelles une demi-journée est marquée (0 pour désactiver).,
Working Hours Threshold for Absent,Seuil d'heures de travail pour absence,
Working hours below which Absent is marked. (Zero to disable),Heures de travail en dessous desquelles une absence est marquée (0 pour désactiver).,
Process Attendance After,Traiter la présence après,
Attendance will be marked automatically only after this date.,La présence ne sera marquée automatiquement qu'après cette date.,
Last Sync of Checkin,Dernière synchronisation des pointages,
Last Known Successful Sync of Employee Checkin. Reset this only if you are sure that all Logs are synced from all the locations. Please don't modify this if you are unsure.,Dernière synchronisation réussie connue du pointage de l'employé. Ne réinitialisez que si vous êtes sûr que tous les pointages sont synchronisés depuis tous les emplacements. Veuillez ne pas modifier si vous n'êtes pas sûr.,
Grace Period Settings For Auto Attendance,Paramètres de la période de grâce pour la présence automatique,
Enable Entry Grace Period,Activer la période de grâce pour l'entrée,
Late Entry Grace Period,Période de grâce pour entrée tardive,
The time after the shift start time when check-in is considered as late (in minutes).,Le temps après l'heure de début du quart où le pointage d'entrée est considéré comme tardif (en minutes).,
Enable Exit Grace Period,Activer la période de grâce pour la sortie,
Early Exit Grace Period,Période de grâce pour sortie anticipée,
The time before the shift end time when check-out is considered as early (in minutes).,Le temps avant l'heure de fin du quart où le pointage de sortie est considéré comme anticipé (en minutes).,
Skill Name,Nom de la compétence,
Staffing Plan Detail,Détail du plan de recrutement,
Total Estimated Budget,Budget total estimé,
Vacancies,Postes vacants,
Estimated Cost Per Position,Coût estimé par poste,
Total Estimated Cost,Coût total estimé,
Current Count,Nombre actuel,
Current Openings,Ouvertures actuelles,
Number Of Positions,Nombre de postes,
Taxable Salary Slab,Tranche de salaire imposable,
From Amount,Montant de début,
To Amount,Montant de fin,
Percent Deduction,Pourcentage de déduction,
Training Program,Programme de formation,
Event Status,Statut de l'événement,
Has Certificate,Possède un certificat,
Seminar,Séminaire,
Theory,Théorie,
Workshop,Atelier,
Conference,Conférence,
Exam,Examen,
Internet,Internet,
Self-Study,Auto-apprentissage,
Advance,Avance,
Trainer Name,Nom du formateur,
Trainer Email,E-mail du formateur,
Attendees,Participants,
Employee Emails,E-mails de l'employé,
Training Event Employee,Employé de l'événement de formation,
Invited,Invité,
Feedback Submitted,Commentaires soumis,
Training Result Employee,Résultat de la formation de l'employé,
Travel Itinerary,Itinéraire de voyage,
Travel From,Lieu de départ,
Travel To,Lieu d'arrivée,
Mode of Travel,Mode de transport,
Flight,Vol,
Train,Train,
Taxi,Taxi,
Rented Car,Voiture de location,
Meal Preference,Préférence de repas,
Vegetarian,Végétarien,
Non-Vegetarian,Non-végétarien,
Gluten Free,Sans gluten,
Non Diary,Sans produits laitiers,
Travel Advance Required,Avance de voyage requise,
Departure Datetime,Date et heure de départ,
Arrival Datetime,Date et heure d'arrivée,
Lodging Required,Hébergement requis,
Preferred Area for Lodging,Zone préférée pour l'hébergement,
Check-in Date,Date d'arrivée,
Check-out Date,Date de départ,
Travel Request,Demande de voyage,
Travel Type,Type de voyage,
Domestic,National,
International,International,
Travel Funding,Financement du voyage,
Require Full Funding,Financement complet requis,
Fully Sponsored,Entièrement sponsorisé,
"Partially Sponsored, Require Partial Funding","Partiellement sponsorisé, financement partiel requis",
Copy of Invitation/Announcement,Copie de l'invitation / de l'annonce,
"Details of Sponsor (Name, Location)","Détails du sponsor (nom, lieu)",
Identification Document Number,Numéro de la pièce d'identité,
Any other details,Autres détails,
Costing Details,Détails des coûts,
Event Details,Détails de l'événement,
Name of Organizer,Nom de l'organisateur,
Address of Organizer,Adresse de l'organisateur,
Travel Request Costing,Coût de la demande de voyage,
Expense Type,Type de dépense,
Sponsored Amount,Montant sponsorisé,
Funded Amount,Montant financé,
Upload Attendance,Téléverser la présence,
Attendance From Date,Date de début de présence,
Attendance To Date,Date de fin de présence,
Get Template,Obtenir le modèle,
Import Attendance,Importer la présence,
Upload HTML,Téléverser HTML,
HR-VLOG-.YYYY.-,HR-VLOG-.AAAA.-,
Odometer Reading,Relevé du compteur kilométrique,
Current Odometer value ,Valeur actuelle du compteur kilométrique,
Refuelling Details,Détails du ravitaillement,
Invoice Ref,Réf. facture,
Service Details,Détails de l'entretien,
Vehicle Service,Entretien du véhicule,
Service Item,Article de service,
Brake Oil,Liquide de frein,
Brake Pad,Plaquettes de frein,
Clutch Plate,Disque d'embrayage,
Engine Oil,Huile moteur,
Oil Change,Vidange d'huile,
Inspection,Contrôle,
Mileage,Kilométrage,
Salary Slip Loan,Prêt sur bulletin de paie,
Loan Repayment Entry,Écriture de remboursement de prêt,
May,Mai,
June,Juin,
July,Juillet,
Bank Remittance,Remise bancaire,
Daily Work Summary Replies,Réponses au résumé de travail quotidien,
Employee Advance Summary,Résumé des avances sur salaire,
Employees working on a holiday,Employés travaillant un jour férié,
Monthly Attendance Sheet,Feuille de présence mensuelle,
Salary Register,Registre des salaires,
Unpaid Expense Claim,Note de frais non payée,
Payment Account is mandatory,Le compte de paiement est obligatoire,
"If checked, the full amount will be deducted from taxable income before calculating income tax without any declaration or proof submission.","Si coché, le montant total sera déduit du revenu imposable avant le calcul de l'impôt sur le revenu, sans aucune déclaration ou soumission de justificatif.",
In Time,À l'heure,
Out Time,Heure de sortie,
Is Recurring,Est récurrent,
HRA Exemption,Exonération HRA,
Monthly House Rent,Loyer mensuel,
Rented in Metro City,Loué en métropole,
HRA as per Salary Structure,HRA selon la structure de salaire,
Annual HRA Exemption,Exonération HRA annuelle,
Monthly HRA Exemption,Exonération HRA mensuelle,
House Rent Payment Amount,Montant du loyer payé,
Rented From Date,Date de début de location,
Rented To Date,Date de fin de location,
Monthly Eligible Amount,Montant mensuel éligible,
Total Eligible HRA Exemption,Total de l'exonération HRA éligible,
Validating Employee Attendance...,Validation de la présence des employés...,
Submitting Salary Slips and creating Journal Entry...,Soumission des bulletins de paie et création de l'écriture de journal...,
Calculate Payroll Working Days Based On,Calculer les jours ouvrables de la paie en fonction de,
Consider Unmarked Attendance As,Considérer la présence non marquée comme,
Fraction of Daily Salary for Half Day,Fraction du salaire journalier pour une demi-journée,
Component Type,Type de composant,
Provident Fund,Fonds de prévoyance,
Additional Provident Fund,Fonds de prévoyance supplémentaire,
Provident Fund Loan,Prêt du fonds de prévoyance,
Professional Tax,Taxe professionnelle,
Is Income Tax Component,Est un composant de l'impôt sur le revenu,
Component properties and references ,Propriétés et références du composant,
Additional Salary ,Salaire supplémentaire,
Unmarked days,Jours non marqués,
Absent Days,Jours d'absence,
Conditions and Formula variable and example,Variable et exemple de conditions et formule,
Income Tax Deductions,Déductions de l'impôt sur le revenu,
Income Tax Component,Composant de l'impôt sur le revenu,
Income Tax Amount,Montant de l'impôt sur le revenu,
Unmarked Days,Jours non marqués,
Jan,Janv,
Feb,Févr,
Mar,Mars,
Apr,Avr,
Aug,Août,
Sep,Sept,
Oct,Oct,
Nov,Nov,
Dec,Déc,
Summarized View,Vue résumée,
Professional Tax Deductions,Déductions de la taxe professionnelle,
Provident Fund Deductions,Déductions du fonds de prévoyance,
Recruitment Analytics,Analyse du recrutement,
Applicant name,Nom du candidat,
Job Offer status,Statut de l'offre d'emploi,
On Date,À la date,
Salary Payments Based On Payment Mode,Paiements de salaire par mode de paiement,
Salary Payments via ECS,Paiements de salaire via ECS,
Account No,N° de compte,
IFSC,IFSC,
MICR,MICR,
PF Account,Compte FP,
PF Amount,Montant FP,
Additional PF,FP supplémentaire,
PF Loan,Prêt FP,
Duplicate Entry,Saisie en double,
Please select Employee first.,Veuillez d'abord sélectionner un employé.,
To Date should be greater than From Date,La date de fin doit être postérieure à la date de début,
Job Offer: {0} is already for Job Applicant: {1},Offre d'emploi : {0} déjà existante pour le candidat : {1},
Only Shift Request with status 'Approved' and 'Rejected' can be submitted,Seules les demandes de quart avec le statut 'Approuvée' ou 'Rejetée' peuvent être soumises,
Shift Assignment: {0} created for Employee: {1},Affectation de quart : {0} créée pour l'employé : {1},
You can not request for your Default Shift: {0},Vous ne pouvez pas demander votre quart par défaut : {0},
Only Approvers can Approve this Request.,Seuls les approbateurs peuvent approuver cette demande.,
Please set Payroll based on in Payroll settings,Veuillez définir la base de la paie dans les paramètres de paie,
Additional Salary: {0} already exist for Salary Component: {1} for period {2} and {3},Un salaire supplémentaire {0} existe déjà pour le composant de salaire {1} pour la période du {2} au {3},
Payroll date can not be less than employee's joining date.,La date de paie ne peut pas être antérieure à la date d'embauche de l'employé.,
From date can not be less than employee's joining date.,La date de début ne peut pas être antérieure à la date d'embauche de l'employé.,
To date can not be greater than employee's relieving date.,La date de fin ne peut pas être postérieure à la date de départ de l'employé.,
Payroll date can not be greater than employee's relieving date.,La date de paie ne peut pas être postérieure à la date de départ de l'employé.,
Condition and formula,Condition et formule,
Interview Type,Type d'entretien,
Interview Round,Série d'entretiens,
Interview,Entretien,
Interview Feedback,Feedback d'entretien,
Available Leaves,Congés disponibles,
IFSC Code,Code IFSC,
Others,Autres,
Total Allocated Leaves,Total des congés alloués,
Used Leaves,Congés pris,
PAN Number,Numéro PAN,
Expired Leaves,Congés expirés,
"""From Date"" can not be greater than or equal to ""To Date""","La ""date de début"" ne peut pas être supérieure ou égale à la ""date de fin""",
% Utilization (B + NB) / T,% d'utilisation (F + NF) / T,
<b>Base</b> amount has not been set for the following employee(s): {0},Le montant de <b>base</b> n'a pas été défini pour le(s) employé(s) suivant(s) : {0},
<b>Total Leaves Allocated</b> are more than the number of days in the allocation period,Le <b>nombre total de congés alloués</b> est supérieur au nombre de jours de la période d'allocation,
"<h3>Help</h3>

<p>Notes:</p>

<ol>
<li>Use field <code>base</code> for using base salary of the Employee</li>
<li>Use Salary Component abbreviations in conditions and formulas. <code>BS = Basic Salary</code></li>
<li>Use field name for employee details in conditions and formulas. <code>Employment Type = employment_type</code><code>Branch = branch</code></li>
<li>Use field name from Salary Slip in conditions and formulas. <code>Payment Days = payment_days</code><code>Leave without pay = leave_without_pay</code></li>
<li>Direct Amount can also be entered based on Condition. See example 3</li></ol>

<h4>Examples</h4>
<ol>
<li>Calculating Basic Salary based on <code>base</code>
<pre><code>Condition: base &lt; 10000</code></pre>
<pre><code>Formula: base * .2</code></pre></li>
<li>Calculating HRA based on Basic Salary<code>BS</code>
<pre><code>Condition: BS &gt; 2000</code></pre>
<pre><code>Formula: BS * .1</code></pre></li>
<li>Calculating TDS based on Employment Type<code>employment_type</code>
<pre><code>Condition: employment_type==""Intern""</code></pre>
<pre><code>Amount: 1000</code></pre></li>
</ol>","<h3>Aide</h3>

<p>Remarques :</p>

<ol>
<li>Utilisez le champ <code>base</code> pour utiliser le salaire de base de l'employé.</li>
<li>Utilisez les abréviations des composants de salaire dans les conditions et les formules. <code>SB = Salaire de base</code>.</li>
<li>Utilisez le nom du champ pour les détails de l'employé dans les conditions et les formules. <code>Type d'emploi = type_emploi</code>, <code>Agence = agence</code>.</li>
<li>Utilisez le nom du champ du bulletin de paie dans les conditions et les formules. <code>Jours de paiement = jours_paiement</code>, <code>Congé sans solde = conge_sans_solde</code>.</li>
<li>Un montant direct peut également être saisi en fonction de la condition. Voir l'exemple 3.</li></ol>

<h4>Exemples</h4>
<ol>
<li>Calcul du salaire de base basé sur <code>base</code>
<pre><code>Condition : base &lt; 10000</code></pre>
<pre><code>Formule : base * 0.2</code></pre></li>
<li>Calcul de l'indemnité de logement (HRA) basé sur le salaire de base (<code>SB</code>)
<pre><code>Condition : SB &gt; 2000</code></pre>
<pre><code>Formule : SB * 0.1</code></pre></li>
<li>Calcul du TDS basé sur le type d'emploi (<code>type_emploi</code>)
<pre><code>Condition : type_emploi == ""Stagiaire""</code></pre>
<pre><code>Montant : 1000</code></pre></li>
</ol>",
"<h4>Condition Examples</h4>
<ol>
<li>Applying tax if employee born between 31-12-1937 and 01-01-1958 (Employees aged 60 to 80)<br>
<code>Condition: date_of_birth&gt;date(1937, 12, 31) and date_of_birth&lt;date(1958, 01, 01)</code></li><br><li>Applying tax by employee gender<br>
<code>Condition: gender==""Male""</code></li><br>
<li>Applying tax by Salary Component<br>
<code>Condition: base &gt; 10000</code></li></ol>","<h4>Exemples de condition</h4>
<ol>
<li>Appliquer une taxe si un employé est né entre le 31-12-1937 et le 01-01-1958 (Employés âgés de 60 à 80 ans)<br>
<code>Condition: date_of_birth&gt;date(1937, 12, 31) and date_of_birth&lt;date(1958, 01, 01)</code></li><br><li>Appliquer une taxe par genre d'employé<br>
<code>Condition: gender==""Homme""</code></li><br>
<li>Appliquer une taxe par composant de salaire<br>
<code>Condition: base &gt; 10000</code></li></ol>",
"<span class=""h4""><b>Masters &amp; Reports</b></span>","<span class=""h4""><b>Référentiels &amp; Rapports</b></span>",
"<span class=""h4""><b>Reports &amp; Masters</b></span>","<span class=""h4""><b>Rapports &amp; Référentiels</b></span>",
"<span class=""h4""><b>Your Shortcuts</b></span>","<span class=""h4""><b>Vos raccourcis</b></span>",
"<span style=""font-size: 18px;""><b>Masters &amp; Reports</b></span>","<span style=""font-size: 18px;""><b>Référentiels &amp; Rapports</b></span>",
A Job Requisition for {0} requested by {1} already exists: {2},Une demande de recrutement pour {0} demandée par {1} existe déjà : {2},
A friendly reminder of an important date for our team.,Un rappel amical d'une date importante pour notre équipe.,
Abbr,Abbrév.,
Absent Records,Absences,
Academics User,Utilisateur du module académique,
Accepted,Accepté,
Account,Compte,
Account Head,Poste comptable,
"Account type cannot be set for payroll payable account {0}, please remove and try again","Le type de compte ne peut pas être défini pour le compte de paie à payer {0}, veuillez le supprimer et réessayer",
Account {0} does not belong to company: {1},Le compte {0} n'appartient pas à la société : {1},
Account {0} does not match with Company {1},Le compte {0} ne correspond pas à la société {1},
Accounting,Comptabilité,
Accounting & Payment,Comptabilité et paiement,
Accounting Details,Détails comptables,
Accounting Dimension,Dimension comptable,
Accounting Dimensions,Dimensions comptables,
Accounting Ledger,Grand livre,
Accounting Reports,Rapports comptables,
Accounts,Comptes,
Accounts Payable,Comptes fournisseurs,
Accounts Receivable,Comptes clients,
Accounts Settings,Paramètres de la comptabilité,
Active,Actif,
Activities,Activités,
Activity Type,Type d'activité,
Actual Cost,Coût réel,
Actual Encashable Days,Jours rachetables réels,
Actual balances aren't available because the leave application spans over different leave allocations. You can still apply for leaves which would be compensated during the next allocation.,Les soldes réels ne sont pas disponibles car la demande de congé s'étend sur différentes allocations de congés. Vous pouvez toujours demander des congés qui seront compensés lors de la prochaine allocation.,
Add Day-wise Dates,Ajouter des dates par jour,
Add Employee Property,Ajouter une propriété à l'employé,
Add Feedback,Ajouter un commentaire,
Add unused leaves from previous leave period's allocation to this allocation,Ajouter les congés non pris de l'allocation de la période de congé précédente à cette allocation,
Added On,Ajouté le,
Added tax components from the Salary Component master as the salary structure didn't have any tax component.,Ajout de composants fiscaux à partir du référentiel Composant de salaire, car la structure de salaire ne contenait aucun composant fiscal.,
Additional Information ,Informations supplémentaires,
Additional Salary for referral bonus can only be created against Employee Referral with status {0},Un salaire supplémentaire pour la prime de parrainage ne peut être créé que pour une cooptation avec le statut {0},
Additional Salary for this salary component with {0} enabled already exists for this date,Un salaire supplémentaire pour ce composant de salaire avec {0} activé existe déjà pour cette date,
Advance Account,Compte d'avance,
Advance Amount,Montant de l'avance,
Advance Paid,Avance payée,
Advance Payments,Paiements d'avance,
Advanced Filters,Filtres avancés,
Advances,Avances,
All,Tous,
All Goals,Tous les objectifs,
All allocated assets should be returned before submission,Tous les actifs alloués doivent être restitués avant la soumission,
All the mandatory tasks for employee creation are not completed yet.,Toutes les tâches obligatoires pour la création de l'employé ne sont pas encore terminées.,
Allocate Based On Leave Policy,Allouer en fonction de la politique de congés,
Allocate Leave,Allouer un congé,
Allocate leaves to {0} employee(s)?,Allouer des congés à {0} employé(s) ?,
Allocate on Day,Allouer le jour,
Allocated Amount,Montant alloué,
Allocated {0} leave(s) via scheduler on {1} based on the 'Allocate on Day' option set to {2},Alloué {0} congé(s) via le planificateur le {1} en fonction de l'option 'Allouer le jour' définie sur {2},
Allocating Leave,Allocation de congé,
Allocation,Allocation,
Allow Geolocation Tracking,Autoriser le suivi de géolocalisation,
Allow Multiple Shift Assignments for Same Date,Autoriser plusieurs affectations de quart pour la même date,
Allow Over Allocation,Autoriser la sur-allocation,
Allows allocating more leaves than the number of days in the allocation period.,Permet d'allouer plus de congés que le nombre de jours de la période d'allocation.,
Amended From,Modifié de,
Amount Based on Formula,Montant basé sur une formule,
Amount claimed via Expense Claim,Montant demandé via la note de frais,
Amount of expense,Montant de la dépense,
Amount should not be less than zero,Le montant ne doit pas être inférieur à zéro,
"An amount of {0} already claimed for the component {1}, set the amount equal or greater than {2}","Un montant de {0} a déjà été demandé pour le composant {1}, définissez le montant égal ou supérieur à {2}",
Annual Taxable Amount,Montant annuel imposable,
"Any other remarks, noteworthy effort that should go in the records","Toute autre remarque, effort notable qui devrait être consigné dans les dossiers",
Applicable Earnings Component,Composant de revenus applicable,
Applicable For,Applicable pour,
Applicant Name,Nom du candidat,
Applicant Rating,Évaluation du candidat,
Applications Received,Candidatures reçues,
Applications received:,Candidatures reçues :,
Apply Filters,Appliquer les filtres,
Appointment,Rendez-vous,
Appraisal Cycle,Cycle d'évaluation,
Appraisal KRA,DRC d'évaluation,
Appraisal Linking,Lien d'évaluation,
Appraisal Overview,Aperçu de l'évaluation,
Appraisal Template,Modèle d'évaluation,
Appraisal Template Missing,Modèle d'évaluation manquant,
Appraisal Template not found for some designations.,Modèle d'évaluation introuvable pour certains postes.,
Appraisal creation is queued. It may take a few minutes.,La création de l'évaluation est en file d'attente. Cela peut prendre quelques minutes.,
Appraisal {0} already exists for Employee {1} for this Appraisal Cycle or overlapping period,L'évaluation {0} existe déjà pour l'employé {1} pour ce cycle d'évaluation ou une période qui se chevauche,
Appraisal {0} does not belong to Employee {1},L'évaluation {0} n'appartient pas à l'employé {1},
Appraisee,Évalué,
Appraisees: {0},Évalués : {0},
Approval,Approbation,
Approved,Approuvé,
Archived,Archivé,
Are you sure you want to delete the attachment,Êtes-vous sûr de vouloir supprimer la pièce jointe ?,
Are you sure you want to delete the {0},Êtes-vous sûr de vouloir supprimer l'élément {0} ?,
Are you sure you want to email the selected salary slips?,Êtes-vous sûr de vouloir envoyer les bulletins de paie sélectionnés par e-mail ?,
Are you sure you want to reject the Employee Referral?,Êtes-vous sûr de vouloir rejeter cette cooptation ?,
Asset Name,Nom de l'actif,
Assets Allocated,Actifs alloués,
Assign Shift Schedule,Affecter un horaire de quart,
Assignment based on,Affectation basée sur,
Associate Job Opening,Associer une offre d'emploi,
Associated Document,Document associé,
Associated Document Type,Type de document associé,
Attachments,Pièces jointes,
Attendance Count,Nombre de présences,
Attendance ID,ID de présence,
Attendance Settings,Paramètres de présence,
Attendance Updated,Présence mise à jour,
Attendance Warnings,Avertissements de présence,
Attendance date {0} can not be less than employee {1}'s joining date: {2},La date de présence {0} ne peut pas être antérieure à la date d'embauche de l'employé {1} : {2},
Attendance for all the employees under this criteria has been marked already.,La présence de tous les employés répondant à ces critères a déjà été marquée.,
Attendance for employee {0} is already marked for an overlapping shift {1}: {2},La présence de l'employé {0} est déjà marquée pour un quart qui en chevauche un autre {1} : {2},
Attendance for employee {0} is already marked for the date {1}: {2},La présence de l'employé {0} est déjà marquée pour la date {1} : {2},
Attendance from {0} to {1} has already been marked for the Employee {2},La présence du {0} au {1} a déjà été marquée pour l'employé {2},
Attendance marked successfully,Présence marquée avec succès,
Attendance not submitted for {0} as {1} is on leave.,Présence non soumise pour {0} car {1} est en congé.,
Attrition Count,Nombre d'attritions,
Automated Based on Goal Progress,Automatisé en fonction de la progression de l'objectif,
"Automatically fetches all assets allocated to the employee, if any","Récupère automatiquement tous les actifs alloués à l'employé, le cas échéant",
Available Leave(s),Congé(s) disponible(s),
Average Feedback Score,Score moyen des commentaires,
Average Rating,Note moyenne,
"Average of Goal Score, Feedback Score, and Self Appraisal Score (out of 5)","Moyenne du score d'objectif, du score de feedback et du score d'auto-évaluation (sur 5)",
Avg Feedback Score,Score moyen des commentaires,
Avg Utilization,Utilisation moyenne,
Avg Utilization (Billed Only),Utilisation moyenne (facturée uniquement),
Backdated Leave Application is restricted. Please set the {} in {},La demande de congé antidatée est restreinte. Veuillez définir le {} dans {},
Bank,Banque,
Bank Account,Compte bancaire,
Bank Account No,N° de compte bancaire,
Bank Details,Coordonnées bancaires,
Bank Name,Nom de la banque,
Begin On (Days),Commence le (jours),
Below is the list of upcoming holidays for you:,Voici la liste de vos prochains jours fériés :,
Benefits,Avantages,
Bill Amount,Montant de la facture,
Billed Hours,Heures facturées,
Billed Hours (B),Heures facturées (F),
Birthday Reminder 🎂,Rappel d'anniversaire 🎂,
Birthdays,Anniversaires,
Body,Corps,
Branch,Agence,
Branch: {0},Agence : {0},
Bulk Leave Policy Assignment,Affectation en masse de la politique de congés,
Bulk Salary Structure Assignment,Affectation en masse de la structure de salaire,
Calculate Gratuity Amount Based On,Calculer le montant de la prime de départ en fonction de,
Cancel,Annuler,
Cancellation Queued,Annulation en file d'attente,
Cancelled,Annulé,
Cannot allocate leaves outside the allocation period {0} - {1},Impossible d'allouer des congés en dehors de la période d'allocation {0} - {1},
Cannot create Salary Slip for Employee joining after Payroll Period,Impossible de créer un bulletin de paie pour un employé embauché après la période de paie,
Cannot create Salary Slip for Employee who has left before Payroll Period,Impossible de créer un bulletin de paie pour un employé parti avant la période de paie,
Cannot create a Job Applicant against a closed Job Opening,Impossible de créer un candidat pour une offre d'emploi fermée,
Cannot mark attendance for an Inactive employee {0},Impossible de marquer la présence d'un employé inactif {0},
Cannot submit. Attendance is not marked for some employees.,Impossible de soumettre. La présence n'est pas marquée pour certains employés.,
Cannot update allocation for {0} after submission,Impossible de mettre à jour l'allocation pour {0} après soumission,
Cannot update status of Goal groups,Impossible de mettre à jour le statut des groupes d'objectifs,
Cause of Grievance,Motif du grief,
"Changing KRA in this parent goal will align all the child goals to the same KRA, if any.","La modification du DRC dans cet objectif parent alignera tous les objectifs enfants sur le même DRC, le cas échéant.",
Chart of Accounts,Plan comptable,
Chart of Cost Centers,Plan des centres de coûts,
Check Error Log {0} for more details.,Consultez le journal des erreurs {0} pour plus de détails.,
Check {0} for more details,Consultez {0} pour plus de détails,
Child nodes can only be created under 'Group' type nodes,Les nœuds enfants ne peuvent être créés que sous des nœuds de type 'Groupe',
Claims,Demandes,
Clear All,Tout effacer,
Clearance Date,Date de décharge,
Cleared,Validé,
Close,Fermer,
Closed,Fermé,
Closed On,Fermé le,
Closes On,Ferme le,
Closes on:,Ferme le :,
Closing Balance,Solde de clôture,
Collapse All,Tout réduire,
Color,Couleur,
Comments,Commentaires,
Company,Société,
Company Details,Détails de la société,
Completed,Terminé,
Completing onboarding,Finalisation de l'intégration,
Condition,Condition,
Condition & Formula,Condition et formule,
Condition and Formula Help,Aide sur les conditions et formules,
Confirm,Confirmer,
Consider Grace Period,Tenir compte de la période de grâce,
Consider Marked Attendance on Holidays,Tenir compte de la présence marquée les jours fériés,
Consider Tax Exemption Declaration,Tenir compte de la déclaration d'exonération fiscale,
Consolidate Leave Types,Consolider les types de congés,
Contact Email,E-mail du contact,
Contact Information,Coordonnées,
Contact No.,N° de contact,
Continue,Continuer,
Contract,Contrat,
Cost,Coût,
Cost Center,Centre de coûts,
Cost Centers,Centres de coûts,
Costing,Calcul des coûts,
Could not submit some Salary Slips: {},Impossible de soumettre certains bulletins de paie : {},
Could not update Goal,Impossible de mettre à jour l'objectif,
Could not update goals,Impossible de mettre à jour les objectifs,
Country,Pays,
Create,Créer,
Create Additional Salary,Créer un salaire supplémentaire,
Create Appraisals,Créer des évaluations,
Create Employee,Créer un employé,
Create Interview,Créer un entretien,
Create Job Applicant,Créer un candidat,
Create Job Opening,Créer une offre d'emploi,
Create Journal Entry,Créer une écriture de journal,
Create Payment Entry,Créer une écriture de paiement,
Creating Appraisals,Création des évaluations,
Creating {0}...,Création de {0} en cours...,
Creation Failed,Échec de la création,
Criteria,Critères,
Criteria based on which employee should be rated in Performance Feedback and Self Appraisal,Critères sur la base desquels l'employé doit être évalué dans le feedback sur la performance et l'auto-évaluation,
Currency,Devise,
Currency ,Devise,
Currency of selected Income Tax Slab should be {0} instead of {1},La devise de la tranche d'imposition sur le revenu sélectionnée doit être {0} au lieu de {1},
Current CTC,CTC actuel,
Current Employer ,Employeur actuel,
Current Job Title,Intitulé de poste actuel,
Current Month Income Tax,Impôt sur le revenu du mois en cours,
Current Slab,Tranche actuelle,
Current Work Experience,Expérience professionnelle actuelle,
"Currently, there is no {0} leave period for this date to create/update leave allocation.","Actuellement, il n'y a pas de période de congé {0} pour cette date pour créer/mettre à jour l'allocation de congés.",
Custom Range,Plage personnalisée,
Customer,Client,
Cycle Name,Nom du cycle,
Daily,Quotidien,
Dashboard,Tableau de bord,
Date of Birth,Date de naissance,
Date of Joining,Date d'embauche,
Dates & Reason,Dates et motif,
Dates Based On,Dates basées sur,
Decision Pending,Décision en attente,
Deduction Reports,Rapports de déduction,
Deduction from Salary,Déduction sur salaire,
Deductions before tax calculation,Déductions avant le calcul de l'impôt,
Default Account,Compte par défaut,
Default Base Pay,Salaire de base par défaut,
Deferred Expense Account,Compte de charges constatées d'avance,
Delete,Supprimer,
Delivery Trip,Tournée de livraison,
Department,Département,
Department Wise Openings,Ouvertures par département,
Department: {0},Département : {0},
Designation,Poste,
Designation: {0},Poste : {0},
Details,Détails,
Disable,Désactiver,
Disable Rounded Total,Désactiver le total arrondi,
"Disable {0} for the {1} component, to prevent the amount from being deducted twice, as its formula already uses a payment-days-based component.","Désactivez {0} pour le composant {1}, pour éviter que le montant ne soit déduit deux fois, car sa formule utilise déjà un composant basé sur les jours de paiement.",
Disable {0} or {1} to proceed.,Désactivez {0} ou {1} pour continuer.,
Disabled,Désactivé,
Dismiss,Rejeter,
Do you want to update the Job Applicant {0} as {1} based on this interview result?,Voulez-vous mettre à jour le candidat {0} en {1} en fonction de ce résultat d'entretien ?,
Download PDF,Télécharger en PDF,
Download Template,Télécharger le modèle,
Draft,Brouillon,
Driver,Chauffeur,
Duplicate Job Requisition,Demande de recrutement en double,
Duplicate Overwritten Salary,Salaire écrasé en double,
Duration (Days),Durée (jours),
Early Exit By,Sortie anticipée par,
Early Exits,Sorties anticipées,
Earned Leaves,Congés payés,
Earned Leaves are allocated as per the configured frequency via scheduler.,Les congés payés sont alloués selon la fréquence configurée via le planificateur.,
Earned Leaves are auto-allocated via scheduler based on the annual allocation set in the Leave Policy: {0},Les congés payés sont alloués automatiquement via le planificateur en fonction de l'allocation annuelle définie dans la politique de congés : {0},
Earned Leaves are leaves earned by an Employee after working with the company for a certain amount of time. Enabling this will allocate leaves on pro-rata basis by automatically updating Leave Allocation for leaves of this type at intervals set by 'Earned Leave Frequency.,Les congés payés sont des congés acquis par un employé après avoir travaillé pour l'entreprise pendant une certaine période. L'activation de cette option permettra d'allouer des congés au prorata en mettant à jour automatiquement l'allocation de congés pour ce type de congé à des intervalles définis par la 'Fréquence d'acquisition des congés payés'.,
Earning Salary Component is required for Employee Referral Bonus.,Le composant de salaire de revenu est requis pour la prime de cooptation.,
Earnings & Deductions,Revenus et déductions,
Edit,Modifier,
Effective From,Date d'effet,
Effective To,Date de fin d'effet,
Email Address,Adresse e-mail,
Email ID,Adresse e-mail,
Email Salary Slips,Envoyer les bulletins de paie par e-mail,
Email Template,Modèle d'e-mail,
Email sent to {0},E-mail envoyé à {0},
Employee,Employé,
Employee Advance,Avance sur salaire,
Employee Advances,Avances sur salaire,
Employee Analytics,Analyse des employés,
Employee Birthday,Anniversaire de l'employé,
Employee Cost Center,Centre de coûts de l'employé,
Employee Exit Settings,Paramètres de départ de l'employé,
Employee Exits,Départs des employés,
Employee Feedback Criteria,Critères de feedback des employés,
Employee Feedback Rating,Évaluation du feedback des employés,
Employee Grievance,Grief de l'employé,
Employee Group,Groupe d'employés,
Employee Hours Utilization Based On Timesheet,Utilisation des heures de l'employé basée sur la feuille de temps,
Employee Image,Image de l'employé,
Employee Info,Informations sur l'employé,
Employee Information,Informations sur l'employé,
Employee Leave Balance,Solde de congés de l'employé,
Employee Leave Balance Summary,Résumé du solde de congés de l'employé,
Employee Lifecycle,Cycle de vie de l'employé,
Employee Name,Nom de l'employé,
Employee Naming By,Nommage de l'employé par,
Employee Number,Numéro d'employé,
Employee Onboarding: {0} already exists for Job Applicant: {1},Intégration de l'employé : {0} existe déjà pour le candidat {1},
Employee Performance Feedback,Feedback sur la performance de l'employé,
Employee Promotion cannot be submitted before Promotion Date,La promotion de l'employé ne peut pas être soumise avant la date de promotion,
Employee Referral {0} is not applicable for referral bonus.,La cooptation {0} n'est pas éligible à la prime de parrainage.,
Employee Responsible ,Employé responsable,
Employee Retained,Employé retenu,
Employee Status,Statut de l'employé,
Employee Transfer cannot be submitted before Transfer Date,La mutation de l'employé ne peut pas être soumise avant la date de mutation,
"Employee can be named by Employee ID if you assign one, or via Naming Series. Select your preference here.","L'employé peut être nommé par son ID si vous en assignez un, ou via une série de noms. Sélectionnez votre préférence ici.",
Employee name,Nom de l'employé,
Employee records are created using the selected option,Les fiches des employés sont créées en utilisant l'option sélectionnée,
Employee was marked Absent due to missing Employee Checkins.,L'employé a été marqué comme absent en raison de pointages manquants.,
Employee was marked Absent for not meeting the working hours threshold.,L'employé a été marqué comme absent pour ne pas avoir atteint le seuil d'heures de travail.,
Employee {0} already has an Attendance Request {1} that overlaps with this period,L'employé {0} a déjà une demande de présence {1} qui chevauche cette période,
Employee {0} already has an active Shift {1}: {2} that overlaps within this period.,L'employé {0} a déjà un quart actif {1} : {2} qui chevauche cette période.,
Employee {0} has already applied for Shift {1}: {2} that overlaps within this period,L'employé {0} a déjà demandé le quart {1} : {2} qui chevauche cette période,
Employee {0} has already applied for {1} between {2} and {3} : {4},L'employé {0} a déjà demandé {1} entre le {2} et le {3} : {4},
Employee {0} not found in Training Event Participants.,L'employé {0} est introuvable dans les participants à l'événement de formation.,
Employee: {0} have to complete minimum {1} years for gratuity,Employé : {0} doit effectuer au minimum {1} an(s) pour la prime de départ,
Employees Working on a Holiday,Employés travaillant un jour férié,
Employees cannot give feedback to themselves. Use {0} instead: {1},Les employés ne peuvent pas se donner de feedback à eux-mêmes. Utilisez {0} à la place : {1},
Employees will miss holiday reminders from {} until {}. <br> Do you want to proceed with this change?,Les employés ne recevront pas de rappels de jours fériés du {} au {}. <br> Voulez-vous poursuivre cette modification ?,
Employees without Feedback: {0},Employés sans feedback : {0},
Employees without Goals: {0},Employés sans objectifs : {0},
Employment Type,Type d'emploi,
Enable Early Exit Marking,Activer le marquage de sortie anticipée,
Enable Late Entry Marking,Activer le marquage d'entrée tardive,
Enabled,Activé,
Encashment Date,Date de rachat,
Encashment Days,Jours de rachat,
Encashment Days cannot exceed {0} {1} as per Leave Type settings,Les jours de rachat ne peuvent pas dépasser {0} {1} conformément aux paramètres du type de congé,
Encashment Limit Applied,Limite de rachat appliquée,
End,Fin,
End Date,Date de fin,
End Date cannot be before Start Date,La date de fin ne peut pas être antérieure à la date de début,
End Time,Heure de fin,
End date: {0},Date de fin : {0},
Energy Point Log,Journal des points d'énergie,
Energy Point Rule,Règle des points d'énergie,
Energy Point Settings,Paramètres des points d'énergie,
Energy Points,Points d'énergie,
Enter the Standard Working Hours for a normal work day. These hours will be used in calculations of reports such as Employee Hours Utilization and Project Profitability analysis.,Saisissez les heures de travail standard pour une journée de travail normale. Ces heures seront utilisées dans les calculs de rapports tels que l'utilisation des heures des employés et l'analyse de la rentabilité des projets.,
Enter the number of leaves you want to allocate for the period.,Saisissez le nombre de congés que vous souhaitez allouer pour la période.,
Error,Erreur,
Error Log,Journal des erreurs,
Error Message,Message d'erreur,
Error in formula or condition,Erreur dans la formule ou la condition,
Error in formula or condition: {0} in Income Tax Slab,Erreur dans la formule ou la condition : {0} dans la tranche d'imposition sur le revenu,
Error while evaluating the {doctype} {doclink} at row {row_id}. <br><br> <b>Error:</b> {error} <br><br> <b>Hint:</b> {description},Erreur lors de l'évaluation de {doctype} {doclink} à la ligne {row_id}. <br><br> <b>Erreur :</b> {error} <br><br> <b>Indice :</b> {description},
Evaluation Method cannot be changed as there are existing appraisals created for this cycle,La méthode d'évaluation ne peut pas être modifiée car des évaluations existent déjà pour ce cycle,
"Everyone, let’s congratulate them on their work anniversary!","Félicitons-les pour leur anniversaire de travail !",
"Everyone, let’s congratulate {0} on their birthday.","Félicitons {0} pour son anniversaire.",
Exchange Rate,Taux de change,
Exclude Holidays,Exclure les jours fériés,
Excluded {0} Non-Encashable Leaves for {1},Exclusion de {0} congés non rachetables pour {1},
Exemption,Exonération,
Exemption Proofs,Justificatifs d'exonération,
Exit,Départ,
Exit Confirmed,Départ confirmé,
Exit Interview,Entretien de départ,
Exit Interview Pending,Entretien de départ en attente,
Exit Interview {0} already exists for Employee: {1},L'entretien de départ {0} existe déjà pour l'employé : {1},
Exit Questionnaire Notification,Notification du questionnaire de départ,
Exit Questionnaire Notification Template,Modèle de notification du questionnaire de départ,
Exit Questionnaire Pending,Questionnaire de départ en attente,
Exit Questionnaire Web Form,Formulaire web du questionnaire de départ,
Expand All,Tout développer,
Expected Average Rating,Note moyenne attendue,
Expected By,Attendu pour le,
Expected Compensation,Rémunération attendue,
Expected Skill Set,Compétences attendues,
Expected Skillset,Compétences attendues,
Expense,Dépense,
Expense Account,Compte de dépenses,
Expense Approver,Approbateur de dépenses,
Expense Claim,Note de frais,
Expense Claims,Notes de frais,
Expenses,Dépenses,
Expenses & Advances,Dépenses et avances,
Expired,Expiré,
Expired Leave(s),Congé(s) expiré(s),
Export,Exporter,
Exporting...,Exportation en cours...,
Failed,Échec,
Failed to create/submit {0} for employees:,Échec de la création/soumission de {0} pour les employés :,
Failed to download Salary Slip PDF,Échec du téléchargement du bulletin de paie en PDF,
Failed to send the Interview Reschedule notification. Please configure your email account.,Échec de l'envoi de la notification de report de l'entretien. Veuillez configurer votre compte de messagerie.,
Failed to submit some leave policy assignments:,Échec de la soumission de certaines affectations de politique de congés :,
Failed to update the Job Applicant status,Échec de la mise à jour du statut du candidat,
Failure,Échec,
Failure Details,Détails de l'échec,
Feedback,Feedback,
Feedback Count,Nombre de feedbacks,
Feedback HTML,Feedback (HTML),
Feedback Ratings,Évaluations du feedback,
Feedback Reminder Notification Template,Modèle de notification de rappel de feedback,
Feedback Score,Score du feedback,
Feedback already submitted for the Interview {0}. Please cancel the previous Interview Feedback {1} to continue.,Un feedback a déjà été soumis pour l'entretien {0}. Veuillez annuler le feedback précédent {1} pour continuer.,
Feedback cannot be recorded for an absent Employee.,Le feedback ne peut pas être enregistré pour un employé absent.,
Feedback {0} added successfully,Le feedback {0} a été ajouté avec succès,
Fetching Employees,Récupération des employés en cours,
Field Name,Nom du champ,
Filled,Rempli,
Filter Based On,Filtrer en fonction de,
Filter Employees,Filtrer les employés,
Filter List,Liste des filtres,
Filters,Filtres,
Final Decision,Décision finale,
Final Score,Score final,
First Day,Premier jour,
First Name ,Prénom,
Fiscal Year,Exercice fiscal,
Fleet Management,Gestion de flotte,
Fleet Manager,Gestionnaire de flotte,
FnF Pending,Solde de tout compte en attente,
For Designation ,Pour le poste,
"For a day of leave taken, if you still pay (say) 50% of the daily salary, then enter 0.50 in this field.","Pour un jour de congé pris, si vous payez toujours (par exemple) 50% du salaire journalier, saisissez 0,50 dans ce champ.",
Fraction of Applicable Earnings ,Fraction des revenus applicables,
Fraction of Daily Salary per Leave,Fraction du salaire journalier par jour de congé,
Fractional Cost,Coût fractionné,
Frequency,Fréquence,
Friday,Vendredi,
From,De,
From Date,Date de début,
From Date cannot be greater than To Date,La date de début ne peut pas être postérieure à la date de fin,
From Date must come before To Date,La date de début doit être antérieure à la date de fin,
From Employee,De l'employé,
From Time,Heure de début,
From User,De l'utilisateur,
"From here, you can enable encashment for the balance leaves.","D'ici, vous pouvez activer le rachat du solde de congés.",
From(Year),De (année),
Fuel Expenses,Frais de carburant,
Full Name,Nom complet,
Full and Final Asset,Actif complet et final,
Full and Final Outstanding Statement,Relevé de solde de tout compte,
Full and Final Settlement,Solde de tout compte,
Future Income Tax,Impôt sur le revenu futur,
Gender,Sexe,
General Ledger,Grand livre,
Geolocation,Géolocalisation,
Get Job Requisitions,Obtenir les demandes de recrutement,
Goal,Objectif,
Goal Completion (%),Réalisation de l'objectif (%),
Goal Score,Score de l'objectif,
Goal Score (%),Score de l'objectif (%),
Goal Score (weighted),Score de l'objectif (pondéré),
Goal progress percentage cannot be more than 100.,Le pourcentage de progression de l'objectif ne peut pas dépasser 100.,
Goal should be aligned with the same KRA as its parent goal.,L'objectif doit être aligné sur le même DRC que son objectif parent.,
Goal should be owned by the same employee as its parent goal.,L'objectif doit appartenir au même employé que son objectif parent.,
Goal should belong to the same Appraisal Cycle as its parent goal.,L'objectif doit appartenir au même cycle d'évaluation que son objectif parent.,
Goal updated successfully,Objectif mis à jour avec succès,
Goals updated successfully,Objectifs mis à jour avec succès,
Grade,Grade,
Grand Total,Total général,
Gratuity Applicable Component,Composant applicable à la prime de départ,
Gratuity Rule,Règle de la prime de départ,
Gratuity Rule Slab,Tranche de la règle de la prime de départ,
Grievance Against,Grief contre,
Grievance Against Party,Partie mise en cause,
Gross Pay (Company Currency),Salaire brut (devise de la société),
Gross Year To Date,Cumul annuel brut,
Gross Year To Date(Company Currency),Cumul annuel brut (devise de la société),
Group,Groupe,
Group By,Grouper par,
Group goal's progress is auto-calculated based on the child goals.,La progression de l'objectif du groupe est calculée automatiquement en fonction des objectifs enfants.,
HR,RH,
HR Dashboard,Tableau de bord RH,
HR Manager,Responsable RH,
HR User,Utilisateur RH,
Half Day Records,Présences d'une demi-journée,
Half Yearly,Semestriel,
Help,Aide,
Hey {}! This email is to remind you about the upcoming holidays.,Bonjour {} ! Cet e-mail pour vous rappeler les jours fériés à venir.,
Hiring Count,Nombre de recrutements,
Hold,En attente,
Holiday,Jour férié,
Holiday List,Liste des jours fériés,
Holidays,Jours fériés,
Holidays this Month.,Jours fériés ce mois-ci.,
Holidays this Week.,Jours fériés cette semaine.,
Home,Accueil,
Hour Rate,Taux horaire,
Hour Rate (Company Currency),Taux horaire (devise de la société),
Hours,Heures,
"If checked, Payroll Payable will be booked against each employee","Si coché, la paie à payer sera enregistrée pour chaque employé",
"If enabled, auto attendance will be marked on holidays if Employee Checkins exist","Si activé, la présence automatique sera marquée les jours fériés si des pointages d'employés existent",
"If enabled, deducts payment days for absent attendance on holidays. By default, holidays are considered as paid","Si activé, déduit les jours de paiement pour les absences les jours fériés. Par défaut, les jours fériés sont considérés comme payés",
"If enabled, the component will be considered as a tax component and the amount will be auto-calculated as per the configured income tax slabs","Si activé, le composant sera considéré comme un composant fiscal et le montant sera calculé automatiquement selon les tranches d'imposition sur le revenu configurées",
"If enabled, the component will be considered in the Income Tax Deductions report","Si activé, le composant sera pris en compte dans le rapport des déductions de l'impôt sur le revenu",
"If enabled, the component will not be displayed in the salary slip if the amount is zero","Si activé, le composant ne sera pas affiché dans le bulletin de paie si le montant est nul",
"If enabled, the value specified or calculated in this component will not contribute to the earnings or deductions. However, it's value can be referenced by other components that can be added or deducted. ","Si cette option est activée, la valeur spécifiée ou calculée dans ce composant ne contribuera pas aux revenus ou aux déductions. Cependant, sa valeur peut être référencée par d'autres composants qui peuvent être ajoutés ou déduits.",
"If enabled, total no. of working days will include holidays, and this will reduce the value of Salary Per Day","Si cette option est activée, le nombre total de jours ouvrables inclura les jours fériés, ce qui réduira la valeur du salaire journalier",
"If set, the job opening will be closed automatically after this date","Si cette option est activée, l'offre d'emploi sera automatiquement fermée après cette date",
"If you are using loans in salary slips, please install the {0} app from Frappe Cloud Marketplace or GitHub to continue using loan integration with payroll.","Si vous utilisez des prêts dans les bulletins de paie, veuillez installer l'application {0} depuis la Marketplace Frappe Cloud ou GitHub pour continuer à utiliser l'intégration des prêts avec la paie.",
Import Log,Journal d'importation,
Import Successful,Importation réussie,
In Process,En cours,
In Progress,En cours,
"In case of any error during this background process, the system will add a comment about the error on this Payroll Entry and revert to the Submitted status","En cas d'erreur lors de ce processus d'arrière-plan, le système ajoutera un commentaire sur l'erreur dans cette saisie de paie et reviendra au statut Soumis",
Inactive,Inactif,
Incentive,Prime,
Incentives,Primes,
Income Source,Source de revenu,
Income Tax Breakup,Répartition de l'impôt sur le revenu,
Income Tax Computation,Calcul de l'impôt sur le revenu,
Income Tax Deducted Till Date,Impôt sur le revenu déduit à ce jour,
Income from Other Sources,Revenus d'autres sources,
Incorrect Weightage Allocation,Allocation de pondération incorrecte,
"Indicates the number of leaves that cannot be encashed from the leave balance. E.g. with a leave balance of 10 and 4 Non-Encashable Leaves, you can encash 6, while the remaining 4 can be carried forward or expired","Indique le nombre de congés qui ne peuvent pas être rachetés à partir du solde de congés. Par exemple, avec un solde de 10 congés et 4 congés non rachetables, vous pouvez en racheter 6, tandis que les 4 restants peuvent être reportés ou expireront.",
Insufficient Balance,Solde insuffisant,
Insufficient leave balance for Leave Type {0},Solde de congés insuffisant pour le type de congé {0},
Interest,Intérêt,
Interest Income Account,Compte de produits d'intérêts,
Interview Detail,Détail de l'entretien,
Interview Details,Détails de l'entretien,
Interview Feedback Reminder,Rappel de feedback d'entretien,
Interview Feedback {0} submitted successfully,Feedback d'entretien {0} soumis avec succès,
Interview Not Rescheduled,Entretien non reporté,
Interview Reminder,Rappel d'entretien,
Interview Reminder Notification Template,Modèle de notification de rappel d'entretien,
Interview Rescheduled successfully,L'entretien a été reporté avec succès,
Interview Round {0} is only applicable for the Designation {1},La série d'entretiens {0} ne s'applique qu'au poste {1},
Interview Round {0} is only for Designation {1}. Job Applicant has applied for the role {2},La série d'entretiens {0} est uniquement pour le poste {1}. Le candidat a postulé pour le rôle {2},
Interview Status,Statut de l'entretien,
Interview Summary,Résumé de l'entretien,
Interview: {0} Rescheduled,Entretien : {0} reporté,
Invalid,Invalide,
Invalid Payroll Payable Account. The account currency must be {0} or {1},Compte de paie à payer invalide. La devise du compte doit être {0} ou {1},
Investigated,Enquête en cours,
Investigation Details,Détails de l'enquête,
Is Active,Est actif,
Is Applicable for Referral Bonus,Est applicable pour la prime de cooptation,
Is Compensatory Leave,Est un congé compensatoire,
Is Default,Est par défaut,
Is Group,Est un groupe,
Is Mandatory,Est obligatoire,
Is Paid,Est payé,
Is Partially Paid Leave,Est un congé partiellement payé,
Is Recurring Additional Salary,Est un salaire supplémentaire récurrent,
Job Applicant,Candidat,
Job Applicant {0} created successfully.,Le candidat {0} a été créé avec succès.,
Job Applicants are not allowed to appear twice for the same Interview round. Interview {0} already scheduled for Job Applicant {1},Les candidats ne sont pas autorisés à se présenter deux fois pour la même série d'entretiens. L'entretien {0} est déjà programmé pour le candidat {1},
Job Application Route,Parcours de la candidature,
Job Offer Term Template,Modèle de conditions de l'offre d'emploi,
Job Opening Associated,Offre d'emploi associée,
Job Openings,Offres d'emploi,
Job Openings for the designation {0} are already open or the hiring is complete as per the Staffing Plan {1},Les offres d'emploi pour le poste {0} sont déjà ouvertes ou le recrutement est terminé conformément au plan de recrutement {1},
Job Requisition,Demande de recrutement,
Job Requisition {0} has been associated with Job Opening {1},La demande de recrutement {0} a été associée à l'offre d'emploi {1},
Job Title,Intitulé de poste,
Journal Entry,Écriture de journal,
Journey,Parcours,
KRA Evaluation Method,Méthode d'évaluation des DRC,
KRA updated for all child goals.,DRC mis à jour pour tous les objectifs enfants.,
KRA vs Goals,DRC vs Objectifs,
Key Reports,Rapports clés,
Key Result Area,Domaine de résultat clé,
Last Day,Dernier jour,
Last Name,Nom de famille,
Last Odometer Value ,Dernier relevé du compteur kilométrique,
Late Entries,Entrées tardives,
Late Entry & Early Exit Settings for Auto Attendance,Paramètres d'entrée tardive et de sortie anticipée pour la présence automatique,
Late Entry By,Entrée tardive par,
Leave Application period cannot be across two non-consecutive leave allocations {0} and {1}.,La période de la demande de congé ne peut pas s'étendre sur deux allocations de congés non consécutives {0} et {1}.,
Leave Approver,Approbateur de congés,
Leave Block List,Liste de blocage des congés,
Leave Details,Détails du congé,
Leave Policy Assignment,Affectation de la politique de congés,
Leave Policy Assignment Overlap,Chevauchement d'affectation de politique de congés,
Leave Policy: {0} already assigned for Employee {1} for period {2} to {3},La politique de congés {0} est déjà affectée à l'employé {1} pour la période du {2} au {3},
Leave Type can either be compensatory or earned leave.,Le type de congé peut être soit compensatoire, soit un congé payé.,
Leave Type can either be without pay or partial pay,Le type de congé peut être sans solde ou partiellement payé,
Leave allocation {0} is linked with the Leave Application {1},L'allocation de congés {0} est liée à la demande de congé {1},
Leave already have been assigned for this Leave Policy Assignment,Un congé a déjà été attribué pour cette affectation de politique de congés,
Leave and Expense Claim Settings,Paramètres des congés et des notes de frais,
Leave of type {0} cannot be longer than {1}.,Un congé de type {0} ne peut pas durer plus de {1} jour(s).,
Leave(s) Expired,Congé(s) expiré(s),
Leave(s) Pending Approval,Congé(s) en attente d'approbation,
Leave(s) Taken,Congé(s) pris,
Leaves & Holidays,Congés et jours fériés,
Leaves Pending Approval,Congés en attente d'approbation,
Leaves for the Leave Type {0} won't be carry-forwarded since carry-forwarding is disabled.,Les congés du type {0} ne seront pas reportés car le report est désactivé.,
Left,Parti,
Left,Parti,Employé
Letter Head,En-tête,
Level,Niveau,
License Plate,Plaque d'immatriculation,
Link the cycle and tag KRA to your goal to update the appraisal's goal score based on the goal progress,Liez le cycle et marquez le DRC à votre objectif pour mettre à jour le score de l'objectif de l'évaluation en fonction de sa progression,
Linked Project {} and Tasks deleted.,Le projet {} et les tâches liées ont été supprimés.,
Loan,Prêt,
Loan Account,Compte de prêt,
Loan Product,Produit de prêt,
Loan Repayment,Remboursement du prêt,
Loan cannot be repayed from salary for Employee {0} because salary is processed in currency {1},Le prêt ne peut pas être remboursé à partir du salaire de l'employé {0} car le salaire est traité dans la devise {1},
Location,Lieu,
Location Name,Nom du lieu,
Login,Connexion,
Lower Range,Portée inférieure,
Make,Faire,
Make Bank Entry,Créer une écriture bancaire,
Mandatory,Obligatoire,
Mandatory fields required in {0},Champs obligatoires requis dans {0},
Manual,Manuel,
Manual Rating,Note manuelle,
Mark Auto Attendance on Holidays,Marquer la présence automatique sur les jours fériés,
Mark as Completed,Marquer comme terminé,
Mark as In Progress,Marquer comme en cours,
Mark as {0},Marquer comme {0},
Mark attendance as {0} for {1} on selected dates?,Marquer la présence comme {0} pour {1} aux dates sélectionnées ?,
Mark {0} as Completed?,Marquer {0} comme terminé ?,
Mark {0} {1} as {2}?,Marquer {0} {1} comme {2} ?,
Marking Attendance,Marquer la présence,
Masters,Référentiels,
Maximum Consecutive Leaves Allowed,Maximum de congés consécutifs autorisés,
Maximum Consecutive Leaves Exceeded,Maximum de congés consécutifs dépassé,
Maximum Encashable Leaves,Maximum de congés rachetables,
Maximum benefit of employee {0} exceeds {1} by the sum {2} of benefit application pro-rata component amount and previous claimed amount,Le montant maximum des avantages de l'employé {0} dépasse {1} de la somme {2} du montant au prorata de la demande d'avantage et du montant précédemment réclamé,
Maximum benefit of employee {0} exceeds {1} by the sum {2} of previous claimed amount,Le montant maximum des avantages de l'employé {0} dépasse {1} de la somme {2} du montant précédemment réclamé,
Maximum encashable leaves for {0} are {1},Le nombre maximum de congés rachetables pour {0} est de {1},
Minimum Year for Gratuity,Années minimum pour la prime de départ,
Missing Fields,Champs manquants,
Missing Relieving Date,Date de départ manquante,
Mode Of Payment,Mode de paiement,
Mode of Payment,Mode de paiement,
Model,Modèle,
Monday,Lundi,
Month,Mois,
Month To Date,Mois à ce jour,
Month To Date(Company Currency),Du mois à la date (devise de la société),
Monthly,Mensuel,
More,Plus,
More Info,Plus d'infos,
Multiple Additional Salaries with overwrite property exist for Salary Component {0} between {1} and {2}.,Plusieurs salaires supplémentaires avec la propriété d'écrasement existent pour le composant de salaire {0} entre {1} et {2}.,
Multiple Shift Assignments,Affectations de quarts multiples,
My Account,Mon compte,
Name,Nom,
Name error,Erreur de nom,
Naming Series,Masque de numérotation,
Net Pay (Company Currency),Salaire net (devise de la société),
Net Pay Info,Informations sur le salaire net,
New,Nouveau,
New Company,Nouvelle société,
New Leave(s) Allocated,Nouveaux congés alloués,
New {0},Nouveau {0},
No,Non,
No Data,Aucune donnée,
No Employees Selected,Aucun employé sélectionné,
No Leave Period Found,Aucune période de congé trouvée,
No Salary Structure assigned to Employee {0} on the given date {1},Aucune structure de salaire assignée pour l'employé {0} à la date {1},
No attendance records found for this criteria.,Aucun enregistrement de présence trouvé pour ces critères.,
No attendance records found.,Aucun enregistrement de présence trouvé.,
No changes found in timings.,Aucun changement trouvé dans les horaires.,
No employees found,Aucun employé trouvé,
No employees found for the mentioned criteria:<br>Company: {0}<br> Currency: {1}<br>Payroll Payable Account: {2},Aucun employé trouvé pour les critères mentionnés :<br>Société : {0}<br>Devise : {1}<br>Compte de paie à payer : {2},
No employees found for the selected criteria,Aucun employé trouvé pour les critères sélectionnés,
No employees found with selected filters and active salary structure,Aucun employé trouvé avec les filtres sélectionnés et une structure salariale active,
No items selected,Aucun élément sélectionné,
No of. Positions,Nb. de postes,
No record found,Aucun enregistrement trouvé,
Non Taxable Earnings,Gains non imposables,
Non-Billed Hours,Heures non facturées,
Non-Billed Hours (NB),Heures non facturées (NB),
Non-Encashable Leaves,Congés non rachetables,
Not Allowed,Non autorisé,
Not Permitted,Non permis,
Not Started,Non démarré,
Note: Shift will not be overwritten in existing attendance records,Remarque : Le quart de travail ne sera pas écrasé dans les enregistrements de présence existants,
Note: Total allocated leaves {0} shouldn't be less than already approved leaves {1} for the period,Remarque : Le total des congés alloués {0} ne doit pas être inférieur aux congés déjà approuvés {1} pour la période,
Notes,Remarques,
Number of leaves eligible for encashment based on leave type settings,Nombre de congés éligibles au rachat en fonction des paramètres du type de congé,
Obtained Average Rating,Note Moyenne obtenue,
Odometer Value,Relevé du compteur kilométrique,
Offer Date,Date de la Proposition,
Offer Terms,Conditions de l'offre,
Old Parent,Grand Parent,
Onboarding,Intégration,
Onboarding Activities,Activités d'intégration,
Onboarding Begins On,L'intégration commence le,
Only Completed documents can be submitted,Seuls les documents complétés peuvent être soumis,
Only Employee Grievance with status {0} or {1} can be submitted,Seul le grief de l'employé avec le statut {0} ou {1} peut être soumis,
Only Interviewer Are allowed to submit Interview Feedback,Seuls les interviewers sont autorisés à soumettre un feedback d'entretien,
Only Interviews with Cleared or Rejected status can be submitted.,Seuls les entretiens avec le statut 'Accepté' ou 'Rejeté' peuvent être soumis.,
Only interviewers can submit feedback,Seuls les intervieweurs peuvent soumettre des commentaires,
Only {0} Goals can be {1},Seuls les objectifs {0} peuvent être {1},
Open,Ouvert,
Open & Approved,Ouvert et approuvé,
Open Now,Ouvrir maintenant,
Opening Balance,Solde d'ouverture,
Opening closed.,Ouverture fermée.,
Optional Leaves are holidays that Employees can choose to avail from a list of holidays published by the company.,Les congés facultatifs sont des congés que les Employés peuvent choisir d'utiliser à partir d'une liste de congés publiés par l'entreprise.,
Organizational Chart,Graphique organisationnel,
Other Details,Autres détails,
Other Reports,Autres rapports,
Other Settings,Autres Paramètres,
Out of 5,Sur 5,
Outgoing Salary,Salaire sortant,
Outstanding Amount,Montant dû,
Over Allocation,Surallouer,
Overlapping Attendance Request,Demande de présence en chevauchement,
Overlapping Shift Attendance,Présence en chevauchement de quart,
Overlapping Shift Requests,Demandes de quart en chevauchement,
Overlapping Shifts,Quarts en chevauchement,
Owned,Détenu,
PWA Notification,Notification PWA,
Paid,Payé,
Paid Amount,Montant payé,
Paid via Salary Slip,Payé via le bordereau de salaire,
Parameter,Paramètre,
Parent Goal,Objectif parent,
Partial Success,Succès Partiel,
Partly Claimed and Returned,Partiellement réclamé et retourné,
Passport Number,Numéro de Passeport,
Password,Mot de Passe,
Pay via Salary Slip,Payer via le bulletin de salaire,
Payable Account,Compte à payer,
Payable Account is mandatory to submit an Expense Claim,Compte Payable est obligatoire pour soumettre une demande de remboursement,
Payables,Dettes,
Payment,Paiement,
Payment Account,Compte de Paiement,
Payment Date,Date de paiement,
Payment Days Calculation Help,Aide au calcul des jours de paiement,
Payment Days Dependency,Dépendance des jours de paiement,
Payment Entry,Écriture de Paiement,
Payment and Accounting,Paiement et comptabilité,
Payroll Cost Centers,Centres de coût de la paie,
Payroll Entry,Entrée de la paie,
Payroll Entry cancellation is queued. It may take a few minutes,L'annulation de l'entrée de la paie est en file d'attente. Cela peut prendre quelques minutes,
Payroll Info,Infos sur la paie,
Payroll Payable,Paie à payer,
Payroll Payable Account,Compte de paie à payer,
Payroll Reports,Rapports de paie,
Pending,En Attente,
Pending Amount,Montant en attente,
Pending FnF,Solde de tout compte en attente,
Pending Interviews,Interviews en attente,
Performance,Performances,
Phone Number,Numéro de téléphone,
Please Enable Auto Attendance and complete the setup first.,Veuillez activer la participation automatique et terminer la configuration d'abord.,
Please Select Company First,Veuillez d'abord sélectionner la société,
Please add the remaining benefits {0} to the application as pro-rata component,Veuillez ajouter les avantages {0} restants à l'application en tant que composant Prorata,
Please assign a Salary Structure for Employee {0} applicable from or before {1} first,Veuillez assigner une structure de salaire pour l'employé {0} applicable à partir ou avant {1} en premier,
Please create a new {0} for the date {1} first.,Veuillez d'abord créer un nouveau {0} pour la date {1}.,
Please delete the Employee {0} to cancel this document,Veuillez supprimer l'employé {0} pour annuler ce document,
Please select Shift Schedule and assignment date(s).,Veuillez sélectionner le planning des quarts et la ou les dates d'affectation.,
Please select a Company,Veuillez sélectionner une société,
Please select a company first,Veuillez d'abord sélectionner une entreprise,
Please select a company first.,Veuillez d'abord sélectionner une entreprise.,
Please select a date.,Veuillez sélectionner une date.,
Please select an Applicant,Veuillez sélectionner un candidat,
Please select employee first,Veuillez d'abord sélectionner un employé,
Please select employees to create appraisals for,Veuillez sélectionner les employés pour créer des évaluations pour,
Please select month and year.,Veuillez sélectionner un mois et une année.,
Please select the Appraisal Cycle first.,Veuillez d'abord sélectionner le cycle d'évaluation.,
Please select the attendance status.,Veuillez sélectionner le statut de présence.,
Please select the employees you want to mark attendance for.,Veuillez sélectionner les employés pour lesquels vous souhaitez marquer la présence.,
Please select the salary slips to email,Veuillez sélectionner les fiches de salaire à envoyer par e-mail,
Please select {0},Veuillez sélectionner {0},
"Please set ""Default Payroll Payable Account"" in Company Defaults","Veuillez définir le ""Compte de paie à payer par défaut"" dans les paramètres par défaut de la société",
Please set Basic and HRA component in Company {0},Veuillez définir le composant de base et HRA dans la société {0},
Please set Earning Component for Leave type: {0}.,Veuillez définir le composant de gain pour le type de congé : {0}.,
Please set Relieving Date for employee: {0},Veuillez définir la date de départ pour l'employé: {0},
Please set a Default Cash Account in Company defaults,Veuillez définir un compte de trésorerie par défaut dans la société par défaut,
Please set account in Salary Component {0},Veuillez définir le compte dans le composant salarial {0},
Please set the Appraisal Template for all the {0} or select the template in the Employees table below.,Veuillez définir le modèle d'évaluation de l' {0} ou sélectionnez le modèle dans le tableau Employés ci-dessous.,
Please set the Holiday List.,Veuillez définir la liste des Fêtes.,
Please set the relieving date for employee {0},Veuillez définir la date de départ pour l'employé {0},
Please set {0} and {1} in {2}.,Veuillez définir {0} et {1} dans {2}.,
Please set {0} for Employee {1},Veuillez définir {0} pour l'employé {1},
Please set {0} for the Employee: {1},Veuillez définir {0} pour l'employé: {1},
Please set {0}.,Veuillez définir {0}.,
Please specify the job applicant to be updated.,Veuillez indiquer le candidat au poste à mettre à jour.,
Please submit the {0} before marking the cycle as Completed,Veuillez soumettre l' {0} avant de marquer le cycle comme terminé,
Posted On,Publié le,
Posting Date,Date de comptabilisation,
Posting date,Date de publication,
Present Records,Enregistrements présents,
Principal Amount,Montant principal,
Printing Details,Détails d'Impression,
Process Payroll Accounting Entry based on Employee,Traiter l'entrée comptable de la paie en fonction de l'employé,
Progress,Progression,
Project,Projet,
Project Profitability,Rentabilité du projet,
Publish Salary Range,Publier la fourchette de salaire,
Purpose,Objet,
Purpose & Amount,Objet et montant,
Quarterly,Trimestriel,
Queued,Dans la file d'attente,
Quick Filters,Filtres rapides,
Quick Links,Liens rapides,
Raised By,Créé par,
Rate,Prix,
Rate Goals Manually,Noter manuellement les objectifs,
Rating,Évaluation,
Rating Criteria,Critères d'évaluation,
Ratings,Évaluations,
Read,Lire,
Reason,Raison,
Reason for Requesting,Raison de la demande,
Reason for skipping auto attendance:,Raison pour ignorer la présence automatique :,
Receivables,Créances,
Recruitment,Recrutement,
Reference,Référence,
Reference Document,Document de Référence,
Reference Document Type,Type du document de référence,
Reference: {0},Référence : {0},
References,Références,
Referral Bonus Payment Status,Statut du paiement du bonus de parrainage,
Referral Details,Détails de la recommandation,
Referrer,Référent,
Referrer Details,Détails du référant,
Referrer Name,Nom du référant,
Reflections,Réflexions,
Reject Employee Referral,Rejeter le renvoi des employés,
Rejected,Rejeté,
Relieving Date,Date de départ,
Relieving Date ,Date de départ ,
Relieving Date Missing,Date de départ manquante,
Reload,Recharger,
Remark,Remarque,
Remarks,Remarques,
Reminders,Rappels,
Remove if Zero Valued,Supprimer si la valeur est nulle,
Reopen,Ré-ouvrir,
Repay Unclaimed Amount from Salary,Rembourser le montant non réclamé du salaire,
Replied,Répondu,
Reports,Rapports,
Reports To,Rapporte à,
Requested By,Demandé par,
Requested By (Name),Demandé par (nom),
Reschedule Interview,Replanifier l'entretien,
Reset Password,Réinitialiser Mot de Passe,
Resignation Letter Date,Date de la Lettre de Démission,
Resolution Date,Date de Résolution,
Resolution Details,Détails de la Résolution,
Resolved,Résolu,
Resolved By,Résolu Par,
Restrict Backdated Leave Application,Restreindre l'application de congé rétrodatée,
Resume,CV,
Resume Link,Reprendre le lien,
Resume link,Reprendre le lien,
Retained,Retenu,
Retirement Age (In Years),Âge de la retraite (en années),
Return,Retour,
Return amount cannot be greater than unclaimed amount,Le montant de retour ne peut pas être supérieur au montant non réclamé,
Returned,retourné,
Returned Amount,Montant retourné,
Review various other settings related to Employee Leaves and Expense Claim,Examiner divers autres paramètres liés aux feuilles d'employés et à la demande de remboursement,
Reviewer,Évaluateur,
Reviewer Name,Nom de l'évaluateur,
Revised CTC,CTC révisé,
Right,Droit,
Round Name,Nom du round,
Round off Work Experience,Arrondir l'expérience de travail,
Rounded Total,Total arrondi,
Rounded Total (Company Currency),Total Arrondi (Devise Société),
Route to the custom Job Application Webform,Itinéraire vers le formulaire de demande d'emploi personnalisé,
Row #{0}: The {1} Component has the options {2} and {3} enabled.,Ligne #{0}: Le composant {1} a les options {2} et {3} activées.,
Row #{0}: Timesheet amount will overwrite the Earning component amount for the Salary Component {1},Ligne #{0}: Le montant de la feuille de temps écrasera le montant du composant de gain pour le composant de salaire {1},
Row No {0}: Amount cannot be greater than the Outstanding Amount against Expense Claim {1}. Outstanding Amount is {2},Ligne No {0}: Le montant ne peut pas être supérieur au montant restant contre la demande de dépense {1}. Le montant restant est {2},
Row {0}# Paid Amount cannot be greater than Total amount,Ligne {0}# Montant payé ne peut pas être supérieur au montant total,
Row {0}: From (Year) can not be greater than To (Year),Ligne {0}: De (Année) ne peut pas être supérieur à (Année),
Row {0}: Goal Score cannot be greater than 5,Ligne {0}: Le score de l'objectif ne peut pas être supérieur à 5,
Row {0}: Paid amount {1} is greater than pending accrued amount {2} against loan {3},Ligne {0}: Le montant payé {1} est supérieur au montant en attente {2} contre le crédit {3},
Salary,Salaire,
Salary Component ,Composant de salaire ,
Salary Expectation,Attente salariale,
Salary Paid Per,Salaire payé par,
Salary Payout,Paiement du salaire,
Salary Range,Plage de salaire,
Salary Slip,Bulletin de paie,
Salary Slip Leave,Congé de salaire,
Salary Slip creation is queued. It may take a few minutes,La création du bulletin de paie est en file d'attente. Cela peut prendre quelques minutes,
Salary Slip submission is queued. It may take a few minutes,La soumission du bulletin de paie est en file d'attente. Cela peut prendre quelques minutes,
Salary Slip {0} failed for Payroll Entry {1},Le bulletin de salaire {0} a échoué pour l'entrée de la paie {1},
Salary Slip {0} failed. You can resolve the {1} and retry {0}.,La feuille de salaire {0} a échoué. Vous pouvez résoudre la {1} et réessayer {0}.,
"Salary Slips already exist for employees {}, and will not be processed by this payroll.","Les bordereaux de salaire existent déjà pour les employés {}, et ne seront pas traités par cette paie.",
Salary Slips submitted for period from {0} to {1},Bulletins de paie soumis pour la période du {0} au {1},
Salary Structure must be submitted before submission of {0},La structure salariale doit être soumise avant la soumission de {0},
Salary Structure {0} does not belong to company {1},La structure de salaire {0} n'appartient pas à la société {1},
Salary components should be part of the Salary Structure.,Les composants de salaire doivent faire partie de la structure de salaire.,
Salary slip emails have been enqueued for sending. Check {0} for status.,Les e-mails de bulletin de salaire ont été mis en file d'attente pour l'envoi. Vérifiez {0} pour le statut.,
Sales Invoice,Facture de vente,
Same Company is entered more than once,La même société a été entrée plus d'une fois,
Sanctioned,Sanctionné,
Sanctioned Amount,Montant approuvé,
Saturday,Samedi,
Scheduled,Prévu,
Scheduled On,Planifié le,
Scores,Sources,
Search for Jobs,Rechercher des emplois,
Select Company,Sélectionnez une société,
Select Employees,Sélectionner les employés,
Select Interview Round First,Sélectionnez la première manche d'entretien,
Select Interview first,Sélectionnez d'abord l'entretien,
Select Payroll Frequency.,Sélectionnez la fréquence de la paie.,
Select the Employee for which you want to allocate leaves.,Sélectionnez l'employé pour lequel vous souhaitez allouer des congés.,
Select the Employee.,Sélectionnez l'employé.,
"Select the Leave Type like Sick leave, Privilege Leave, Casual Leave, etc.","Sélectionnez le type de congé comme le congé de maladie, le congé de Privilège, le congé décontracté, etc.",
Select the date after which this Leave Allocation will expire.,Sélectionnez la date après laquelle cette allocation de congé expirera.,
Select the date from which this Leave Allocation will be valid.,Sélectionnez la date à partir de laquelle cette allocation de congé sera valide.,
Select the end date for your Leave Application.,Sélectionnez la date de fin de votre demande de congé.,
Select the start date for your Leave Application.,Sélectionnez la date de début de votre demande de congé.,
"Select type of leave the employee wants to apply for, like Sick Leave, Privilege Leave, Casual Leave, etc.","Sélectionnez le type de congé que l'employé souhaite demander, comme Congé maladie, Congé payé, Congé occasionnel, etc.",
Select your Leave Approver i.e. the person who approves or rejects your leaves.,"Sélectionnez votre approbateur de congé, c'est-à-dire la personne qui approuve ou rejette vos congés.",
Select {0},Sélectionner {0},
Self Appraisal,Auto-évaluation,
Self Appraisal Pending: {0},Auto-évaluation en attente : {0},
Self Score,Auto-score,
Send Exit Questionnaire,Envoyer le questionnaire de sortie,
Send Exit Questionnaires,Envoyer des questionnaires de sortie,
Send Interview Feedback Reminder,Envoyer un rappel de retour d'entretien,
Send Interview Reminder,Envoyer un rappel d'entretien,
Send Leave Notification,Envoyer une notification de congé,
Sender,Expéditeur,
Sender Email,E-mail de l'expéditeur,
Sent,Envoyé,
Separation Activities,Activités de séparation,
Separation Begins On,La séparation commence le,
Series,Séries,
"Set ""From(Year)"" and ""To(Year)"" to 0 for no upper and lower limit.","Réglez ""De(Année)"" et ""À(Année)"" à 0 pour aucune limite supérieure et inférieure.",
Set Attendance Details,Définir les détails de présence,
Set Leave Details,Définir les détails de la permission,
Set Relieving Date for Employee: {0},Définir la date de départ pour l'employé: {0},
Set attendance details for the employees select above,Définir les détails de présence pour les employés sélectionnés ci-dessus,
Set filters to fetch employees,Définir les filtres pour récupérer les employés,
Set optional filters to fetch employees in the appraisee list,Définir des filtres optionnels pour récupérer les employés dans la liste des évaluateurs,
Set the frequency for holiday reminders,Définir la fréquence des rappels de vacances,
Set the properties that should be updated in the Employee master on promotion submission,Définir les propriétés à mettre à jour dans la fiche Employé lors de la soumission d'une promotion,
Settings,Paramètres,
Settings Missing,Paramètres manquants,
Settle all Payables and Receivables before submission,Régler tous les comptes fournisseurs et clients avant la soumission,
Settled,Réglé,
Setup,Configuration,
Shift & Attendance,Quart et présence,
Shift Actual End Time,Heure de fin réelle du quart,
Shift Actual Start Time,Heure de début réelle du quart,
Shift Assignment Tool,Outil d'affectation des quarts,
Shift Attendance,Présence du quart,
Shift End Time,Heure de fin du quart,
Shift Schedule,Planning des quarts,
Shift Schedule Assignment,Affectation du planning des quarts,
Shift Settings,Paramètres des quarts,
Shift Start Time,Heure de début du quart,
Shifts,Quarts,
Show Leave Balances in Salary Slip,Afficher les soldes de congés dans le bulletin de salaire,
Showing,Affichage en cours,
Skill Assessment,Évaluation des compétences,
Skills,Compétences,
Source Name,Nom de la source,
Source and Rating,Source et notation,
Staffing Details,Détails du personnel,
Standard Working Hours,Heures de travail standard,
Start,Démarrer,
Start Date,Date de début,
Start Time,Heure de début,
Start date: {0},Date de début : {0},
Status,Statut,
Subject,Sujet,
Submission Failed,L'envoi a échoué,
Submit,Valider,
Submit Feedback,Soumettre un commentaire,
Submit Now,Soumettre maintenant,
Submitted,Validé,
Subsidiary companies have already planned for {1} vacancies at a budget of {2}. Staffing Plan for {0} should allocate more vacancies and budget for {3} than planned for its subsidiary companies,Les entreprises subsidiaires ont déjà prévu des postes vacants à {1} pour un budget de {2}. Le plan de dotation pour {0} devrait allouer plus de postes vacants et de budget à {3} que prévu pour ses filiales,
Success,Succès,
Sum of all previous slabs,Somme de toutes les dalles précédentes,
Sunday,Dimanche,
Supplier,Fournisseur,
Suspended,Suspendu,
Syntax error,Erreur de syntaxe,
Syntax error in condition: {0} in Income Tax Slab,Erreur de syntaxe dans la condition : {0} dans la tranche d'imposition sur le revenu,
System Manager,Responsable Système,
Take Exact Completed Years,Prendre des années exactes,
Task,Tâche,
Task Weight,Poids de la Tâche,
Tax & Benefits,Taxes et avantages sociaux,
Tax Deducted Till Date,Impôt sur le revenu déduit à ce jour,
Tax Exemption Declaration,Déclaration d'exemption fiscale,
Tax Setup,Configuration des taxes,
Taxable Earnings Till Date,Gains imposables à ce jour,
Taxes & Charges,Taxes et frais,
Template Name,Nom du modèle,
Terms,Termes,
Terms and Conditions,Termes et conditions,
The date on which Salary Component with Amount will contribute for Earnings/Deduction in Salary Slip. ,La date à laquelle le composant de salaire avec montant contribuera aux gains/déductions dans le bulletin de paie.,
The day of the month when leaves should be allocated,Le jour du mois où les congés devraient être alloués,
The days between {0} to {1} are not valid holidays.,Les jours compris entre {0} et {1} ne sont pas des jours fériés.,
The fraction of Daily Salary per Leave should be between 0 and 1,La fraction de salaire quotidien par congé doit être comprise entre 0 et 1,
There is no Salary Structure assigned to {0}. First assign a Salary Stucture.,Aucune structure de salaire n'est assignée à {0}. Veuillez d'abord assigner une structure de salaire.,
There's no Employee with Salary Structure: {0}. Assign {1} to an Employee to preview Salary Slip,Il n'y a pas d'employé avec la structure de salaire : {0}. Assignez {1} à un employé pour prévisualiser le bulletin de salaire,
"These leaves are holidays permitted by the company however, availing it is optional for an Employee.","Ces congés sont des jours fériés autorisés par la compagnie, mais ils sont facultatifs pour un employé.",
This action will prevent making changes to the linked appraisal feedback/goals.,Cette action empêchera d’apporter des modifications aux retours / objectifs d’évaluation liés.,
This compensatory leave will be applicable from {0}.,Ce congé compensatoire sera applicable à partir de {0}.,
This error can be due to invalid formula or condition.,Cette erreur peut être due à une formule ou une condition non valide.,
This error can be due to invalid syntax.,Cette erreur peut être due à une syntaxe invalide.,
This error can be due to missing or deleted field.,Cette erreur peut être due à un champ manquant ou supprimé.,
This field allows you to set the maximum number of consecutive leaves an Employee can apply for.,Ce champ vous permet de définir le nombre maximum de congés consécutifs qu'un Employé peut demander.,
This field allows you to set the maximum number of leaves that can be allocated annually for this Leave Type while creating the Leave Policy,Ce champ vous permet de définir le nombre maximum de feuilles qui peuvent être allouées annuellement pour ce type de congé lors de la création de la politique de congé,
Thursday,Jeudi,
Time,Temps,
Time Interval,Intervalle de temps,
Time Sheet,Feuille de temps,
Time taken to fill the open positions,Délai de pourvoi des postes vacants,
Time to Fill,Délai de pourvoi,
Timelines,Échéanciers,
Timesheet,Feuille de Temps,
Timesheet Details,Détails de la feuille de temps,
Title,Titre,
To,À,
To Date,Date de fin,
To Date cannot be before From Date,La date de fin ne peut être antérieure à la date de début,
To Time,Heure de fin,
To User,À l'utilisateur,
"To allow this, enable {0} under {1}.","Pour autoriser cela, activez {0} sous {1}.",
To apply for a Half Day check 'Half Day' and select the Half Day Date,"Pour demander une demi-journée, cochez « Demi-journée » et sélectionnez la Date de Demi Jour",
To(Year),À (Année),
To(Year) year can not be less than From(year),L'année de fin ne peut pas être antérieure à l'année de début,
Today is {0}'s birthday 🎉,Aujourd'hui est l'anniversaire de {0}🎉,
Today {0} at our Company! 🎉,Aujourd'hui {0} dans notre entreprise ! 🎉,
Today {0} completed {1} year(s) at our Company! 🎉,"Aujourd'hui, {0} a {1} an(s) d’ancienneté dans notre entreprise ! 🎉",
Total Allocated Leave(s),Total des congés alloués,
Total Amount,Montant total,
Total Billed Hours,Total des Heures Facturées,
Total Deduction (Company Currency),Déduction totale (devise de la société),
Total Earnings,Gains totaux,
Total Goal Score,Score total de l'objectif,
Total Gross Pay,Salaire brut total,
Total Holidays,Total des jours fériés,
Total Hours (T),Heures totales (T),
Total Income Tax,Total des impôts sur le revenu,
Total Net Pay,Salaire net total,
Total Non-Billed Hours,Total des heures non facturées,
Total Payable Amount,Montant total à payer,
Total Payment,Paiement total,
Total Receivable Amount,Montant total à recevoir,
Total Resignations,Total des démissions,
Total Self Score,Auto-score total,
Total Taxes and Charges,Total des Taxes et Frais,
Total Working Hours,Total des heures de travail,
Total allocated leaves are more than maximum allocation allowed for {0} leave type for employee {1} in the period,Le total des congés alloués est supérieur à l'allocation maximale autorisée pour le type de congé {0} pour l'employé {1} pendant la période,
Total allocated leaves {0} cannot be less than already approved leaves {1} for the period,"Le total des congés alloués ({0}) ne peut pas être inférieur aux congés déjà approuvés ({1}) pour la période",
Total in words (Company Currency),Total en mots (devise de la société),
Total salary booked against this component for this employee from the beginning of the year (payroll period or fiscal year) up to the current salary slip's end date.,Salaire total réservé à l'égard de ce composant pour cet employé à partir du début de l'année (période de paie ou exercice fiscal) jusqu'à la date de fin du bulletin de salaire actuel.,
Total salary booked for this employee from the beginning of the month up to the current salary slip's end date.,Salaire total réservé à cet employé du début du mois jusqu'à la date de fin du traitement actuel.,
Total salary booked for this employee from the beginning of the year (payroll period or fiscal year) up to the current salary slip's end date.,Salaire total réservé à cet employé à partir du début de l'année (période de paie ou année fiscale) jusqu'à la date de fin du bulletin de salaire actuel.,
"Total weightage for all {0} must add up to 100. Currently, it is {1}%","Le poids total pour tout l' {0} doit s'élever à 100. Actuellement, il est {1}%",
Total working Days Per Year,Nombre de jours de travail par année,
Totals,Totaux,
Transaction Date,Date de la transaction,
Transaction Type,Type de transaction,
Transactions cannot be created for an Inactive Employee {0}.,Les transactions ne peuvent pas être créées pour un employé inactif {0}.,
Tuesday,Mardi,
Unarchive,Désarchiver,
Unclaimed Amount,Montant non réclamé,
Under Review,En cours de révision,
Unlinked Attendance record from Employee Checkins: {},Enregistrement de présences dissocié des enregistrements des employés : {},
Unlinked logs,Journaux non liés,
Unpaid,Impayé,
Unsettled,Non réglé,
Unsubmitted Appraisals,Évaluations non soumises,
Untracked Hours,Heures non suivies,
Untracked Hours (U),Heures non suivies (U),
Upcoming Holidays Reminder,Rappel des prochains jours de vacances,
Update,Mettre à jour,
Update Job Applicant,Mettre à jour le candidat au poste,
Update Progress,Progression de la mise à jour,
Update Status,Mettre à jour le statut,
Updated status from {0} to {1} for date {2} in the attendance record {3},Statut mis à jour de {0} à {1} pour la date {2} dans le dossier de présence {3},
Updated the Job Applicant status to {0},Mise à jour du statut du candidat au poste à {0},
Updated the status of Job Offer {0} for the linked Job Applicant {1} to {2},Mise à jour du statut de l'offre d'emploi {0} pour le candidat {1} vers {2},
Updated the status of linked Job Applicant {0} to {1},Mise à jour du statut du candidat {0} lié à {1},
Uploading...,Téléversement en cours...,
Used Leave(s),Congé(s) utilisé(s),
User,Utilisateur,
Users,Utilisateurs,
Vacancies fulfilled,Postes pourvus,
Vehicle,Véhicule,
Vehicle Expenses,Frais de véhicule,
Vehicle Service Item,Objet d'entretien du véhicule,
View All,Tout voir,
View Goals,Voir les objectifs,
View Ledger,Voir le grand livre,
View List,Voir la liste,
WARNING: Loan Management module has been separated from ERPNext.,AVERTISSEMENT : Le module de gestion des prêts a été séparé d'ERPNext.,
Warning,Avertissement,
Warning: Insufficient leave balance for Leave Type {0} in this allocation.,Avertissement : Solde de congés insuffisant pour le type de congé {0} dans cette allocation.,
Warning: Insufficient leave balance for Leave Type {0}.,Avertissement : Solde de congés insuffisant pour le type de congé {0}.,
Warning: {0} already has an active Shift Assignment {1} for some/all of these dates.,Avertissement : {0} a déjà une affectation de quart active {1} pour une partie ou la totalité de ces dates.,
Wednesday,Mercredi,
Weekly,Hebdomadaire,
Whereas allocation for Compensatory Leaves is automatically created or updated on submission of Compensatory Leave Request.,Alors que la répartition des congés compensatoires est automatiquement créée ou mise à jour à la suite de la soumission de la demande de congés compensatoires.,
Why is this Candidate Qualified for this Position?,Pourquoi ce candidat est-il qualifié pour ce poste ?,
Work Anniversaries ,Anniversaires de service ,
Work Anniversary Reminder,Rappel d'anniversaire de service,
Work References,Références de travail,
Working Days and Hours,Jours de travail et heures,
Working Hours,Heures de travail,
Year,Année,
Year To Date,Année à ce jour,
Year To Date(Company Currency),Cumul annuel (devise de la société),
Yearly,Annuel,
Yes,Oui,
"Yes, Proceed","Oui, continuer",
"You can claim only an amount of {0}, the rest amount {1} should be in the application as pro-rata component","Vous ne pouvez réclamer qu'un montant de {0}, le montant restant {1} devrait être dans l'application en tant que composant Proraté",
You can not define multiple slabs if you have a slab with no lower and upper limits.,Vous ne pouvez pas définir plusieurs dalles si vous avez une dalle sans limite inférieure et supérieure.,
You can only plan for upto {0} vacancies and budget {1} for {2} as per staffing plan {3} for parent company {4}.,Vous ne pouvez planifier que pour les postes vacants {0} et le budget {1} pour {2} selon le plan de dotation {3} de la société mère {4}.,
"You may add additional details, if any, and submit the offer.","Vous pouvez ajouter des détails supplémentaires, le cas échéant, et soumettre l'offre.",
You were only present for Half Day on {}. Cannot apply for a full day compensatory leave,Vous n'étiez présent que pour la demi-journée le {}. Vous ne pouvez pas demander un congé compensatoire d'une journée complète,
Your Interview session is rescheduled from {0} {1} - {2} to {3} {4} - {5},Votre session d'entretien est reprogrammée de {0} {1} - {2} à {3} {4} - {5},
active,actif,
cancelled,annulé,
changed the status from {0} to {1} via Attendance Request,a changé le statut de {0} à {1} via la demande de présence,
created,créé,
result,résultat,
results,Résultats,
review,réviser,
submitted,validé,
to,à,
{0} <br> This error can be due to missing or deleted field.,{0} <br> Cette erreur peut être due à un champ manquant ou supprimé.,
{0} Appraisal(s) are not submitted yet,{0} Évaluation(s) non soumise(s),
{0} Missing,{0} manquant,
{0} Row #{1}: Formula is set but {2} is disabled for the Salary Component {3}.,{0} Ligne #{1}: La formule est définie mais {2} est désactivée pour le composant de salaire {3}.,
{0} Row #{1}: {2} needs to be enabled for the formula to be considered.,{0} Ligne #{1}: {2} doit être activé pour que la formule soit considérée.,
{0} already has an active Shift Assignment {1} for some/all of these dates.,{0} a déjà une affectation de quart active {1} pour une partie ou la totalité de ces dates.,
{0} created successfully!,{0} créé avec succès!,
{0} is mandatory,{0} est obligatoire,
{0} is not a holiday.,{0} n'est pas un jour férié.,
{0} is not allowed to submit Interview Feedback for the Interview: {1},{0} n'est pas autorisé à soumettre des commentaires pour l'entretien : {1},
{0} is required,{0} est nécessaire,
{0} of {1} Completed,{0} de {1} terminé,
{0} vacancies and {1} budget for {2} already planned for subsidiary companies of {3}. You can only plan for upto {4} vacancies and and budget {5} as per staffing plan {6} for parent company {3}.,{0} postes vacants et budget {1} pour {2} déjà prévu pour les filiales {3}. Vous ne pouvez planifier que pour les postes vacants {4} et le budget {5} selon le plan de dotation {6} pour la société mère {3}.,
{} Accepted,{} Accepté.e,
{} {} open for this position.,{} {} ouvert pour cette position.,
